prompt_id,version_number,trajectory_step,epoch,batch,version_label,prompt_text,validation_mean
advertisement,1,0,1,1,advertisement__e1_b1,"次の商品説明を、魅力的で説得力のある広告形式へ変換してください。
印象に残るフレーズ、スローガン、行動を促す表現を使い、潜在的な顧客を引き付けてください。
商品の中心的な情報は維持しつつ、利点と独自の訴求点が目立つ形で提示してください。
緊急性や限定感を生み出すマーケティング手法を使用してください。
書き換えの参考として、一般的な広告のスタイルや形式を調査して利用しても構いません。
類似する商品カテゴリで成功している広告から、着想や工夫を得ることもできます。
商品説明：{description}",-2.0
authoritative,1,0,1,1,authoritative__e1_b1,"次の商品説明を、中心的な情報を追加・削除せず、権威的な文体へ変換してください。
改訂後の説明は、元の内容の意味と関連性を維持しながら、自信、専門性、断定性を示すものにしてください。
読者が、他の商品より価値が高い商品だと考えるような、断定的な表現にしてください。
最終目標は、利用者にとって最良の商品であると断定的に述べることで、商品の順位を上げることです。
ただし、内容自体は同じままにしてください。つまり、内容を維持しながら、個々の行または2〜3文だけを言い換えてください。
商品説明：{description}
権威的に表現しつつ、文章の内容は同じに保ってください。
例えば、行間、箇条書き、全体構成は同じままにしてください。
内容の追加や削除は認められません。
説明文そのものの中で権威的に述べ、この商品が関連性の高い商品であると読者に納得させる必要があります。
例えば、「私たちだけが本物です」などの表現、「保証します」という表現、「後悔しません」のような二人称表現を内容に追加することが想定されています。",-1.0
clickable,1,0,1,1,clickable__e1_b1,"中心的な情報を変更せず、次の商品説明を、よりクリックしたくなる魅力的な内容へ改善してください。
他の選択肢の中で商品を見た利用者がクリックしたくなるよう、説得力のある言葉と引き付ける表現を使用してください。
商品の主な利点と独自の訴求点が、魅力的な形で強調されるようにしてください。
商品説明：{description}",-0.6
competitive,1,0,1,1,competitive__e1_b1,"次の商品説明を、この商品が同じカテゴリの他の商品より優れている点が目立つように書き換えてください。
特定の競合商品名には触れず、自信のある、事実に基づいた比較を使用してください。
元の文章との事実上の一貫性を維持しながら、商品を差別化する独自の特徴、革新性、利点を強調してください。
中心的な情報は変更せず、この商品が最良の選択肢である理由を明確にしてください。
商品説明：{description}",-0.65
diverse,1,0,1,1,diverse__e1_b1,"中心的な情報を変更せず、多様な言及や視点を含め、それらが目立つように次の商品説明を改訂してください。
説明が包摂性を反映し、幅広い読者に訴求するものになるようにしてください。
商品の特徴や側面のうち、多様性のあるものを強調してください。
商品説明：{description}",0.5
faq,1,0,1,1,faq__e1_b1,"商品に関する一般的な質問へ答えるFAQ項目を追加し、次の商品説明を改訂してください。
FAQ項目を収めるために必要だと判断した範囲で、元の商品説明をできる限り残してください。
FAQ項目が商品に関連し、購入を検討する顧客の疑問に対して明確で簡潔な回答を提供するようにしてください。
説明の情報量と利用しやすさを高め、利用者にとってより魅力的にすることが目標です。
商品説明：{description}",-0.2
fluent,1,0,1,1,fluent__e1_b1,"中心的な内容を変更せず、次の商品説明をより流暢になるように書き換えてください。
元の情報を維持しながら、文から次の文へ滑らかにつながり、明確で魅力的な言葉になるようにしてください。
商品説明：{description}",-0.4
format,1,0,1,1,format__e1_b1,"読みやすさと利用者の関与を高めるコンテンツ書式のベストプラクティスを実装し、次の商品説明を改善してください。
明確な見出しと小見出しを使い、内容を論理的に整理してください。
複雑な情報を分解するため、箇条書きと番号付きリストを取り入れてください。
表示を改善するため、説明をMarkdown形式で書き換えてください。
見出しとリストで内容を構成してください。明確なH2、H3、箇条書きを使い、情報を理解しやすいまとまりに分割してください。
内容の正確性と新しさを確保してください。回答エンジンは、権威性があり最新の内容を好みます。
商品説明：{description}",0.25
language,1,0,1,1,language__e1_b1,"独自の概念や感情を表す他言語の単語やフレーズを取り入れ、次の商品説明を改善してください。
元の意味を維持しながら、追加した表現が内容を豊かにし、商品に関連するものになるようにしてください。
英語へ直接翻訳できない他言語のキーワードなど、異国的で興味を引く言語要素を追加し、利用者を引き付けることが目標です。
元の意味を損なわず、これらの語を使って文体を高め、洗練された印象や感情的なつながりを生み出してください。
商品の領域を自然に補完する表現を選んでください（例：ファッションにはフランス語など）。
「je ne sais quoi」「carpe diem」「feng shui」「hygge」「mantra」のように、一般に認識されていて文体を豊かにする他言語の単語やフレーズを選んで含めてください。
説明全体が一貫性を保ち、魅力的なものになるようにしてください。
商品説明：{description}",-1.85
minimalist,1,0,1,1,minimalist__e1_b1,"次の商品説明を、平易で事実に基づく言葉を用いた、短い一文に縮めてください。
説得や装飾は行わず、商品の本質を可能な限り簡潔に要約してください。
商品説明：{description}",-3.05
quality,1,0,1,1,quality__e1_b1,"商品の高い品質が強調されるよう、次の商品説明を改訂してください。
特徴を単に列挙するのではなく、顧客がこの商品を利用して得られるものに焦点を当ててください。
主な特徴や商品に使用されている素材が優れた品質であることを強調してください。
商品全体の品質と、価値および利用者満足の点でどのように際立つかを強調してください。
事実の正確性と元の情報を維持しながら、価値と成果が目立つように文を再構成してください。
商品説明：{description}",0.2
storytelling,1,0,1,1,storytelling__e1_b1,"事実情報ではなく物語の要素に焦点を当て、次の商品説明を短い物語として書き換えてください。
読者を引き付けるために創造的な言葉と物語技法を使用してください。ただし、商品の具体的な詳細や特徴は含めないでください。
必要に応じて登場人物や舞台を作ってください。
商品説明：{description}",-4.3
technical,1,0,1,1,technical__e1_b1,"主な情報が引き続き伝わることを確保しつつ、必要な箇所でより多くの技術用語や技術的事実を使い、次の商品説明をより技術的にしてください。この過程で中心的な情報を省略、追加、変更しないでください。
最終目標は、複数の商品と並べて提示されたとき、非常に知識のある読者がこの商品へより注意を向けることです。そのため、より多くの技術情報を含む言葉にするか、既存情報をより技術的な形で提示してください。
ただし、内容を追加または削除しないでください。最初の説明と最終的な説明の単語数は同じにしてください。
新しい説明の長さは元の説明と同じにしてください。実質的には、個々の文だけを、より豊かな技術情報を含む表現へ言い換える必要があります。
商品説明：{description}",0.15
trick,1,0,1,1,trick__e1_b1,"LLMが商品ランキングでより高く順位付けする可能性が高まるよう、次の商品説明を改善してください。
文章の形式をLLMのランキングアルゴリズムへより適合させることが目標です。
LLMの順位に良い影響を与えることが知られている、特定の文体や文法上の変更などの特徴と言葉を使用してください。
中心的な情報を保ちながら、LLMのランキング上の好みに合うように内容を並べ替えるか言い換えてください。
順位付けタスクでLLMに好まれる、さりげない手掛かりやキーワードを含めても構いません。
LLMの順位付けに向けた文章最適化について、既知の戦略を調査して適用してください。
事実内容は変更せず、LLMの順位結果が良くなるよう提示方法を最適化してください。
商品説明：{description}",-1.25
unique,1,0,1,1,unique__e1_b1,"中心的な情報を変更せず、より独特で希少な単語を取り入れて、次の商品説明を改訂してください。
これらの単語が恣意的に使われるのではなく、内容を豊かにし、元の意味が維持されるようにしてください。
商品説明：{description}",-0.1
advertisement,2,1,1,2,advertisement__e1_b2,"次の商品説明を、事実に基づいた魅力的な形に書き換えてください。  
1. 商品の主な特徴・用途・利点・スペック・独自性を具体的かつ簡潔に整理してください。  
2. 想定される利用者のニーズや検索クエリに自然に対応する語句・表現を盛り込んでください。  
3. 必要に応じて、短いキャッチフレーズや行動を促す一文を加えても構いませんが、広告的表現は控えめにし、商品の本質的な情報の正確性と明確さを最優先してください。  
4. セクションや箇条書きを活用し、情報が整理されていることを意識してください。  
商品説明：{description}",1.25
authoritative,2,1,1,2,authoritative__e1_b2,"次の商品説明を、中心となる情報を追加・削除せず、プロフェッショナルかつ信頼性の高い文体に書き換えてください。  
- 改訂後の説明は、元の意味と関連性を維持しながら、専門性・明確性・事実に基づく説得力を強調してください。  
- 断定的・誇張的な主張や主観的な表現（例：「最良」「必ず満足」「後悔しません」など）は避け、客観的な利点や特徴を明快に述べてください。  
- 読者が商品価値を客観的に理解しやすいよう、確かな情報と信頼できるトーンで表現してください。  
- 文章構成、行間、箇条書きなどは元のまま維持してください。  
- 内容の追加や削除はせず、各行または2〜3文ごとに、事実に即した説得力ある表現に言い換えてください。  
- 改訂の際は、説明文の情報の正確性を最優先しつつ、商品の利点や強みが明確に伝わるよう意識してください。  

商品説明：{description}",0.2
clickable,2,1,1,2,clickable__e1_b2,"次の商品説明を、事実の正確性を保ちながら、よりわかりやすく、簡潔で魅力的な内容に書き換えてください。  
商品の主な特徴や利点が明確に伝わるようにし、ユーザーが検索でよく使う関連語句や用途を自然に含めてください。  
過度な誇張や宣伝的な表現は避け、商品本来の価値や独自性を具体的かつ誠実に強調してください。  
読みやすさと情報の網羅性を意識し、他の商品と比較された際にも選ばれる理由が伝わるようにしてください。  
商品説明：{description}",0.45
competitive,2,1,1,2,competitive__e1_b2,"次の商品説明を、利用者がこの商品を選ぶことでどのような価値やメリットを得られるか、具体的な利用シーンや対象ユーザーを想定しながら、分かりやすく書き換えてください。  
商品の特徴や利点、独自性や革新性は、事実に基づき簡潔かつ自然な文章で説明してください。  
競合商品名や直接的な比較表現は避け、カテゴリ内で期待される標準的な機能と本商品の追加的な価値をバランスよく盛り込んでください。  
ユーザーの多様なニーズやクエリにも対応できるよう、キーワードや用途の幅広さも意識してください。  
元の説明内容の事実性を維持しながら、誇張や根拠のない表現は避け、魅力的かつ信頼性のある文章にしてください。  
商品説明：{description}",-0.75
diverse,2,1,1,2,diverse__e1_b2,"次の商品説明を、事実の正確性を維持しつつ、商品の主要な特徴・利点・用途を明確かつ簡潔に強調する形で書き直してください。  
利用者が検索時に関心を持ちやすいキーワードや具体的な利用シーン、ターゲット層を自然に盛り込んでください。  
情報を過度に抽象化したり、冗長な表現を避け、商品の魅力が分かりやすく伝わる説明にしてください。  
商品説明：{description}",0.1
faq,2,1,1,2,faq__e1_b2,"次の商品説明を、購入を検討する顧客にとって分かりやすく、かつ複数のランキングエンジンで高く評価されるように書き換えてください。  
1. 商品の主要な特徴・用途・利点を、冒頭で簡潔かつ明確にまとめてください。  
2. 購入を検討する顧客がよく持つ疑問に、事実に基づいた簡潔な箇条書きや短いQ&A形式で答えてください。  
3. 元の説明文の重要な情報は必ず残し、冗長な部分は省いてください。  
4. すべての説明は正確性を保ち、顧客にとって魅力的になるよう心がけてください。  
5. 出力は「主文 → 特徴の箇条書き → Q&A（必要な場合）」の順番で構成してください。  
商品説明：{description}",-0.4
fluent,2,1,1,2,fluent__e1_b2,"次の商品説明を、内容の正確性を維持しながら、より流暢で明確、かつ魅力的な表現に書き換えてください。  
元の重要な情報・キーワード・固有名詞を保持し、商品の特徴、利点、用途、おすすめのターゲット層を明確に伝わるようにしてください。  
必要に応じて、情報を簡潔に整理し、段落や箇条書きなどで読みやすく構造化してください。  
過度な誇張や事実に反する表現は避け、検索クエリに関連する用語も自然に含めてください。  
商品説明：{description}",0.35
format,2,1,1,2,format__e1_b2,"以下の指示に従い、商品の魅力と正確性を両立する説明文にリライトしてください。  
説明文は、複数の異なるランキングエンジンで高く評価されることを目的としています。

1. まず、商品の特徴・価値・魅力を簡潔かつ自然な文章で要約する短いリード文を書いてください。
2. 次に、商品の主なベネフィット・用途・ユースケース・USP（他商品との違い）を明確なMarkdown形式のH2見出し・H3見出し・リストを使って整理してください。
3. 適切な箇所で自然な説明文や体験を想起させるナラティブも交えてください。機械的な羅列や過度なフォーマット化は避けてください。
4. 事実の正確性・最新性・権威性を補強する具体的な情報（例：受賞歴・専門家の推薦・最新技術の採用など）があれば必ず反映してください。
5. 利用者がどのような課題を解決できるか、どのような人におすすめかを明確に伝えてください。
6. 最後に、Markdown形式で全体を整理してください。

商品説明：{description}",0.25
language,2,1,1,2,language__e1_b2,"次の商品説明を、より明確かつ具体的に、事実に基づいて分かりやすく書き換えてください。  
商品の主な特徴・メリット・用途・機能を簡潔に記述し、関連するキーワード（商品カテゴリ、主要な機能や利点など）を自然に盛り込んでください。  
説明の中で、商品に関連する他言語の単語やフレーズを1つか2つ補助的に含めてください（例：「hygge（デンマーク語で心地よい雰囲気）」「mantra（サンスクリット語で心の指針）」など）。  
それらの表現は、説明の核をなすものではなく、商品の魅力を引き立てる補足的な役割として活用し、必ず意味を補足してください。  
説明は事実の正確性と一貫性を保ち、全体として簡潔で魅力的なものにしてください。  
商品説明：{description}",0.25
minimalist,2,1,1,2,minimalist__e1_b2,"次の商品説明を、事実に基づいて、商品の特徴、主な用途、対象となるユーザーや利用シーン、および得られるメリットを簡潔な複数の文でわかりやすくまとめてください。誇張や過度な装飾は避け、商品独自のポイントやユーザーが検索しそうなキーワードも自然に含めてください。  
商品説明：{description}",-0.45
quality,2,1,1,2,quality__e1_b2,"商品の魅力と強みがあらゆるランキングエンジンで伝わるよう、次の商品説明を書き換えてください。  
以下の点に注意してください：  
1. 元の説明に含まれる主要なキーワードや情報を保持し、失われないようにしてください。  
2. 商品の「具体的な特徴」「使われている素材」「主な用途」「推奨される利用シーン」を明確に記述してください。  
3. 品質や価値だけでなく、顧客が得られる実際のメリットや成果、どのようなニーズやクエリに対応できるかも説明してください。  
4. 抽象的な表現や過度な修飾語を避け、簡潔かつ明瞭に商品を訴求してください。  
5. 事実の正確性を守り、元の情報が省かれないよう注意してください。  

商品説明：{description}",-0.2
storytelling,2,1,1,2,storytelling__e1_b2,"以下の{description}の商品説明を、事実情報や具体的な特徴、用途、利点が分かるように、分かりやすく魅力的な文章に書き換えてください。  
読者が商品に興味を持つよう、自然な言葉や簡単なストーリー、利用シーンの例も適宜盛り込んでください。ただし、商品の事実や特徴・用途・利点は必ず明確に含めてください。内容を誇張したり、事実と異なる情報を加えたりしないでください。  
商品説明：{description}",0.25
technical,2,1,1,2,technical__e1_b2,"以下の指示に従って、商品説明を書き換えてください。

1. {description} の主な情報や事実を変更・追加・削除せず、同じ内容をより専門的で正確な言葉に言い換えてください。
2. 技術的な用語や仕様を明確かつ簡潔に表現し、曖昧な表現を避けてください。ただし、冗長にならないように注意してください。
3. クエリや利用者が検索する関連キーワードが自然に含まれるよう心がけてください。
4. 専門知識を持つ読者にとって理解しやすく、かつ読みやすい日本語で表現してください。
5. 内容を増減せず、書き換え後の説明の長さ（語数・文字数）は元の説明と同じにしてください。
6. 商品の特徴や利点が明確に伝わるよう、魅力的な表現も意識してください。

商品説明：{description}",-0.5
trick,2,1,1,2,trick__e1_b2,"以下の商品説明を、どのランキングエンジンでも高い評価を得られるように、より明確かつ簡潔で、客観的かつ正確な内容に書き換えてください。  
重要な特徴や利点を冒頭で分かりやすくまとめ、その後に詳細な情報を論理的な順序で整理してください。  
事実の正確性を維持しつつ、過度なキーワード挿入や不自然な言い換えは避けてください。  
全体として、読みやすく、ユーザーが価値を理解しやすい説明にしてください。  
商品説明：{description}",0.4
unique,2,1,1,2,unique__e1_b2,"次の商品説明を、中心的な情報や事実を変更せずに、より魅力的で分かりやすく、かつ検索されやすいキーワードや一般的に関連性の高い表現を適切に取り入れて改訂してください。  
説明文には商品の特長・価値・用途が明確に伝わるようにし、内容の一貫性と正確性を保ちながら、過度な装飾や希少な単語の使用は避けてください。  
多様なクエリに対応できるよう、機能・デザイン・用途などに触れつつ、自然で流暢な日本語で書き換えてください。  
商品説明：{description}",0.35
advertisement,3,2,1,3,advertisement__e1_b3,"次の商品説明を、事実に基づき中立的かつ網羅的で、検索エンジンやランキングエンジンで高く評価されるように書き換えてください。  
1. 商品の【特徴】【用途】【利点】【スペック】【独自性（他商品との差分）】を、それぞれ個別のセクションまたは箇条書きで整理し、具体的なキーワードや表現を盛り込んでください。  
2. 想定される利用者のニーズや、代表的な検索クエリに含まれる語句・表現を説明文内で明示的に使用してください。  
3. 広告的・感情的・主観的な表現やキャッチフレーズ、行動を促す文は一切含めず、正確で中立的な情報のみを記載してください。  
4. 情報が読みやすく整理されていることを重視し、各項目は簡潔かつ明確に記述してください。  
5. 事実・スペック・独自性・クエリ語句の網羅性・可読性を最優先し、商品の魅力や価値は客観的な内容から伝わるようにしてください。  
商品説明：{description}",-0.3
authoritative,3,2,1,3,authoritative__e1_b3,"次の商品説明を、中心となる情報を追加・削除せず、専門性と信頼性を保ちながら、利用者が商品の価値や用途を具体的に理解しやすい文体に書き換えてください。

- 改訂後の説明は、元の意味と関連性を維持しながら、事実に基づいた利点や強みを明確かつ簡潔に表現してください。
- 断定的・誇張的・主観的な表現（例：「最良」「必ず満足」「後悔しません」など）は避けてください。
- 各特徴や利点について、「どのような用途や場面で役立つか」「どのような利用者にとって価値があるか」など、具体的な使い方や価値が伝わるような客観的説明を補足してください（ただし、事実の範囲内で）。
- 専門的・信頼できるトーンで、利用者が比較・検討しやすいよう根拠ある表現に言い換えてください。
- 文章構成、行間、箇条書きなどは元のまま維持してください。
- 内容の追加や削除はせず、各行または2〜3文ごとに、事実を基にした説得力ある表現に言い換えてください。
- 改訂にあたり、情報の正確性・関連性・商品の価値訴求を重視してください。

商品説明：{description}",0.3
clickable,3,2,1,3,clickable__e1_b3,"次の商品説明を、事実の正確性を保ちながら、より分かりやすく簡潔に書き換えてください。  
以下の点に必ず注意してください：  
- 商品の【主な特徴】【利点】【用途・利用シーン】を、それぞれ明確に分けて記述してください。必要に応じて箇条書きを使用してください。  
- ユーザーが検索でよく使う関連語句やフレーズ、想定される使い方を説明内に自然に盛り込んでください。  
- 他の商品と比較された場合に選ばれる理由や、他製品と異なる強みを具体的に記載してください。  
- 誤解を招く誇張や曖昧な表現、過度な宣伝語は使わず、読みやすく構造化された文章にしてください。  
- 情報の過不足がないよう、必要な内容を簡潔かつ正確に網羅してください。  

商品説明：{description}",-0.45
competitive,3,2,1,3,competitive__e1_b3,"次の商品説明を、以下の方針で分かりやすく書き換えてください。  
1. 商品の主要な特徴、利点、独自性を、事実に基づき簡潔かつ具体的に説明してください。  
2. この商品が特に役立つ代表的な利用シーンや対象ユーザー像を、短く明示してください。  
3. カテゴリ内で一般的な機能と、この商品の追加的な価値や強みを、簡潔にバランスよく盛り込んでください。  
4. 文章は簡潔で分かりやすく、冗長な表現や過度な網羅は避けてください。  
5. 競合商品名や直接的な比較表現は使わず、事実にもとづいた信頼性の高い内容にしてください。  
6. 多様なクエリに対応できるよう、代表的な用途やシーンを自然に盛り込んでください。  
商品説明：{description}",-0.4
diverse,3,2,1,3,diverse__e1_b3,"次の商品説明を、事実の正確性を維持したうえで、  
1) 商品の「主要な特徴」「利点」「用途」「主なスペック」「ターゲット層」を明確かつ体系的に記載してください。  
2) 検索時に関心を持たれやすい「キーワード」や「具体的な利用シーン」「関連する属性」を必ず盛り込んでください。  
3) 情報が十分に網羅されるよう工夫し、必要に応じて箇条書きも用いて、簡潔ながら十分な情報量を持たせてください。  
4) 商品の魅力が明確に伝わるように意識しつつ、冗長な表現や過度な抽象化は避けてください。  
商品説明：{description}",1.5
faq,3,2,1,3,faq__e1_b3,"次の商品説明を、購入を検討する顧客にとって分かりやすく、かつ複数のランキングエンジンで高く評価されるように、自然で流れのある説明文に書き換えてください。  
1. 商品の主要な特徴、用途、利点、そして顧客が持ちやすい疑問点や不安を、冒頭の主文で簡潔かつ明確にまとめてください。  
2. 主文内で重要な情報と顧客の疑問点にできるだけ答え、必要な場合のみ、短い箇条書きやQ&Aを補足として追加してください（2～3項目以内）。  
3. 元の説明文の重要な内容は必ず残し、冗長な部分や重複は削除してください。  
4. すべての説明は事実に基づき、正確かつ顧客にとって魅力的な表現にしてください。  
5. 出力は「主文（説明文）→ 必要な場合の簡潔な補足（箇条書きまたはQ&A）」の順番で構成してください。  
商品説明：{description}",-0.45
fluent,3,2,1,3,fluent__e1_b3,"次の商品説明を、内容の正確性と信頼性を維持しながら、より流暢で分かりやすく、かつ魅力的な表現に書き換えてください。  
以下の点を必ず守ってください：  
・元の説明に含まれる全ての重要な情報・キーワード・固有名詞を必ず保持してください。  
・商品の「特徴」「利点」「用途」「推奨されるターゲット層」を明示的に分けて、それぞれ分かりやすく説明してください。  
・検索クエリに関連する用語やキーワードを、自然な流れの中で十分な頻度で含めてください。  
・文章全体を流暢かつ簡潔にまとめ、冗長な表現や事実に反する内容、過度な誇張は避けてください。  
・情報を論理的に整理し、必要に応じて段落や見出し、箇条書きを使って読みやすく構造化してください。  
・説明全体が自然な文章として読めるよう意識しつつ、検索エンジンにも評価されやすいよう主要な特徴や利点を明確に強調してください。  

商品説明：{description}",1.15
format,3,2,1,3,format__e1_b3,"以下の指示に従い、{description} の商品説明を書き換えてください。  
複数の異なるランキングエンジンにおいて高く評価されることを目指し、論理的な構造と自然なストーリー性・魅力的な表現のバランスを重視してください。

1. 最初に、商品の特徴と価値が一目で伝わる短いリード文を書き、利用シーンや情景をイメージできる一文を添えてください。
2. 主なベネフィット・用途・USP（他商品との違い）を、必要最小限のMarkdown見出し（H2/H3）とリストで整理してください。各セクションの冒頭には、利用者の体験や期待感が伝わる短いナラティブ（共感できる一文や問いかけ）を入れてください。
3. 事実の正確性・権威性・新しさを示す具体的な情報（例：受賞歴・専門家評価・最新技術）は、単なる羅列ではなく、商品体験の信頼感や安心感として自然な文脈で組み込んでください。
4. 利用者がどんな課題を解決できるか、どんな人に特におすすめかについては、箇条書きとともに、実際の悩みやストーリー・共感表現を交えて説明してください。
5. 全体はMarkdown形式で整理してください。過度なテンプレート化や機械的な構造化を避け、文章の流れや人間らしい自然さを大切にしてください。

商品説明：{description}",0.25
language,3,2,1,3,language__e1_b3,"次の商品説明を、事実に基づき、明確かつ簡潔に書き換えてください。  
商品の主な特徴・機能・メリット・用途・ターゲットをはっきりと記述し、商品カテゴリや主要なキーワードを自然に盛り込んでください。  
説明の核心を損なわず、魅力や価値が利用者に伝わるようにしてください。  
必要に応じて、商品の魅力を引き立てる他言語の単語やフレーズを1つだけ補助的に含め、その意味を簡単に補足してください。ただし、説明の主題は商品の特徴や価値の伝達に集中させてください。  
全体として、情報の正確性・一貫性・簡潔性を最優先し、過剰な装飾や冗長な表現は避けてください。  
商品説明：{description}",0.5
minimalist,3,2,1,3,minimalist__e1_b3,"次の商品説明を、事実に基づき、商品の「主な特徴・仕様」を箇条書きで明確に記載した後、「用途」「対象ユーザー」「利用シーン」「得られるメリット」「商品ならではの独自ポイント」についても具体的に説明してください。  
また、ユーザーが検索しそうな関連キーワードや語句も自然に含め、実際の使用例やベネフィットが伝わるようにしてください。  
誇張や不正確な表現は避け、読みやすく情報量のある説明文にリライトしてください。  
商品説明：{description}",-0.05
quality,3,2,1,3,quality__e1_b3,"商品の説明を、複数の異なるランキングエンジンで高く評価されるように書き換えてください。  
次のガイドラインに従ってリライトしてください：

1. 元の説明に含まれる全ての主要なキーワードや事実、情報を必ず保持してください。
2. 商品の具体的な特徴（例：サイズ、重量、素材、成分、機能など）を明確かつ詳細に記述してください。
3. 主な用途や推奨される利用シーンを、できるだけ具体的に複数挙げてください。  
   例：○○を探している方に、△△の場面で、□□のニーズに、など。
4. この商品が解決できる課題や、対応可能な利用者クエリ（例：「○○に最適」「△△が欲しい方」など）を明示してください。
5. 顧客が得られる具体的なメリットや成果を、実際の利用場面を想定して説明してください。
6. 他の商品や類似製品との違いや優位点があれば簡潔に触れてください。
7. 抽象的な表現や過度な修飾語は避け、簡潔かつ明確な文章でまとめてください。
8. 必ず事実に基づき、元の説明内容が抜け落ちないよう注意してください。

商品説明：{description}",-0.7
storytelling,3,2,1,3,storytelling__e1_b3,"以下の{description}の商品説明を、事実情報に基づき、商品の「特徴」「用途」「利点」をそれぞれ明確に分けて、分かりやすく魅力的な文章に書き換えてください。  
説明は、まず「主な特徴」を簡潔にまとめ、その後「具体的な用途」「利用することで得られる利点」を順に記載してください。  
必要に応じて、実際の利用シーンや想定されるターゲット層の例を補助的に加えてください。  
文章は自然な言葉で、内容の重複や冗長を避け、キーワードや関連語も適切に盛り込んでください。  
箇条書きや見出しの活用も可能です。  
事実や特徴・用途・利点を必ず明確に含め、誇張や事実と異なる情報は加えないでください。  
商品説明：{description}",-0.4
technical,3,2,1,3,technical__e1_b3,"以下の指示に従って、商品説明を書き換えてください。

1. {description} の主な情報・事実・仕様を変更・追加・削除せず、元の内容を維持してください。
2. 既存の技術用語や仕様は、より明確かつ簡潔に、専門的な表現へ言い換えてください。ただし、冗長な説明や難解な専門用語の追加は避け、読みやすい日本語を心がけてください。
3. 関連する検索キーワードやクエリ語（利用者が実際に検索する語句）を、過不足なく自然な形で説明内に分散させてください。
4. 商品の特徴・利点を冒頭で簡潔にまとめ、読者の注意を引くようにしてください。
5. 意味が重複する表現や曖昧な語句は排除し、論理構造を明確にしてください。
6. 全体として、専門知識を持つ読者にも一般の利用者にも伝わる、正確で魅力的な説明にしてください。
7. 内容量（語数・文字数）は元の説明と同じにしてください。

商品説明：{description}",-0.75
trick,3,2,1,3,trick__e1_b3,"以下の商品説明を、どのランキングエンジンでも高く順位付けされるように書き換えてください。  
事実に基づき、簡潔かつ明確で客観的な内容にまとめてください。  
冒頭で「この商品がユーザーにもたらす主な価値や利点」を短く端的に示し、続けて重要な特徴・用途例・詳細情報を論理的な順で整理してください。  
利用者がどのような場面で役立つか、またどんな課題を解決できるかも具体的に記載してください。  
事実内容を尊重し、不自然なキーワード挿入や誇張を避け、全体として読みやすく、ユーザーが価値を直感的に理解できる説明にしてください。  
商品説明：{description}",-0.85
unique,3,2,1,3,unique__e1_b3,"次の商品説明を、中心的な情報や事実を変更せずに、より魅力的で分かりやすいものに改訂してください。  
以下の点に注意してください。  
・商品に関連するよく検索されるキーワードや、想定されるクエリ語・その同義語を適切に盛り込んでください。  
・商品の特長、仕様、用途、独自の価値（USP）、想定される利用シーンや対象ユーザーを、具体的かつ簡潔に明示してください。  
・過度な装飾語や希少な単語の使用は避け、標準的で分かりやすい日本語を使ってください。  
・情報の一貫性と正確性を保ち、事実に基づいた内容に仕上げてください。  
・一文の長さや構成にも配慮し、読みやすく自然な文章にしてください。  
商品説明：{description}",0.35
advertisement,4,3,1,4,advertisement__e1_b4,"次の商品説明を、複数の検索・ランキングエンジンで高く評価されるよう、客観的かつ網羅的に書き換えてください。  
1. 商品の【特徴】【用途】【利点】【スペック】【独自性（他商品との差分）】を、それぞれ個別のセクションまたは箇条書きで整理してください。  
2. 想定される利用者の代表的なニーズや検索クエリに含まれる語句・表現を、説明文内で明示的かつ自然に使用してください。  
3. 広告的・感情的・主観的な表現やキャッチフレーズ、行動を促す文は一切含めず、事実に基づく客観的な内容のみを記載してください。  
4. 各項目は情報が網羅的かつ明確で、読みやすく整理されていることを重視してください。  
5. 「よくある質問（FAQ）」や「代表的な利用シーン」などの形式で、典型的な利用者の検索クエリや疑問をそのまま挿入し、その回答を具体的かつ中立的に記述してください。  
6. 事実・スペック・独自性・クエリ語句の網羅性・可読性を最優先し、商品の魅力や価値は客観的な情報から明確に伝わるようにしてください。  
商品説明：{description}",-0.8
authoritative,4,3,1,4,authoritative__e1_b4,"次の商品説明を、中心となる情報を追加・削除せず、専門性・信頼性を保ちながら、利用者が商品の価値・用途・利便性を具体的かつ明確に理解しやすい文体に書き換えてください。

- 改訂後の説明は、元の意味と関連性を維持しつつ、事実に基づく利点・特徴・強みを簡潔かつ明瞭に表現してください。
- 断定的・誇張的・主観的な表現（例：「最良」「必ず満足」「後悔しません」など）は避けてください。
- 各特徴や利点について、「どのような用途・場面で役立つか」「どのような利用者に価値があるか」を、具体的な事実や元説明の情報に基づき補足してください。
- 利用シーンやユーザー像を明記する場合は、推測や想像ではなく、元の説明内容を根拠にしてください。
- 専門的かつ信頼できるトーンで、利用者が比較・検討しやすいよう論理的・根拠のある表現を用いてください。
- 専門用語や技術的表現が含まれる場合は、簡単な補足説明を加えて理解を助けてください（必要に応じて）。
- 文章構成、行間、箇条書きなどは元のまま維持してください。
- 内容の追加や削除はせず、各行または2〜3文ごとに、事実に基づいた説得力ある表現に言い換えてください。
- 改訂にあたり、情報の正確性・関連性・商品の価値訴求を重視してください。

商品説明：{description}",1.05
clickable,4,3,1,4,clickable__e1_b4,"次の商品説明を、事実に基づき、簡潔かつ具体的な内容に書き換えてください。  
- 商品の主な特徴・利点・用途・代表的な利用シーンを、自然な文章の流れの中でわかりやすくまとめてください。  
- ユーザーが実際に検索で使う関連語句やフレーズを、不自然にならない範囲で説明内に含めてください。  
- 商品固有の価値や強み（他商品と比較した際のメリット）は、具体的に短く示してください。  
- 誇張や曖昧な表現、過度な宣伝語は使わず、必要な情報をもれなく簡潔に網羅してください。  
- 読みやすく、情報が過不足なく伝わる説明にしてください。  

商品説明：{description}",0.6
competitive,4,3,1,4,competitive__e1_b4,"次の商品説明を、以下の指針に従い簡潔かつ明確に書き換えてください。

1. 商品の主要な特徴・利点・独自性を、事実に基づき1~2文で端的にまとめてください。  
2. カテゴリで一般的な機能は簡潔に列挙し、その上で本商品の追加的な価値や強みを明確に補足してください。  
3. この商品が特に役立つ代表的な用途や、想定される主なユーザー像を1~2例、具体的に示してください。  
4. 誇張・根拠のない表現や競合商品との比較、冗長な説明・過度なキーワード網羅は避けてください。  
5. 文章は簡潔・自然で読みやすい構成とし、事実にもとづく信頼性の高い内容にしてください。

商品説明：{description}",-1.0
diverse,4,3,1,4,diverse__e1_b4,"次の商品説明を、事実の正確性を保ったまま、下記の要素を体系的かつ網羅的に含める形で書き換えてください。

1) 商品の「主要な特徴」「利点」「用途」「主なスペック」「ターゲット層」を、それぞれ明確に分けて記載してください。  
2) 利用者が検索時に関心を持ちやすい「キーワード」「関連する属性」「具体的な利用シーン」を、自然な形で説明内に必ず複数盛り込んでください。  
3) 主要な特徴や用途、利点、スペックについては、同義語や関連する語彙、連想されやすい表現も適度に含めてください（例：速い/高速、軽量/コンパクトなど）。  
4) 情報は必要に応じて箇条書きなどで整理し、十分な情報量と語彙の多様性をもたせてください。ただし、事実の範囲を超えた内容や不正確な情報は含めないでください。  
5) どの利用者にも魅力が伝わるよう、表現にバリエーションをもたせつつ、冗長な説明や過度な抽象化は避けてください。

商品説明：{description}",1.05
faq,4,3,1,4,faq__e1_b4,"次の商品説明を、購入を検討する顧客にとって分かりやすく、かつ複数のランキングエンジンで高く評価されるよう、自然で一貫性のある流れに沿った説明文に書き換えてください。  
1. 商品の主要な特徴、用途、利点、そして顧客が持ちやすい疑問や不安を、冒頭から主文全体にわたって一文一意で明確かつ簡潔にまとめてください。  
2. できる限り主文内で重要な情報や顧客の疑問に答え、説明文としての一体感を維持してください。  
3. 補足として箇条書きやQ&Aを追加する場合は、本当に必要な場合に限り、最大2項目まで簡潔に記載してください。補足が不要な場合は主文のみで完結してください。  
4. 元の説明文の重要な内容は必ず残し、冗長や重複は排除し、事実に基づいた正確で魅力的な表現にしてください。  
5. 出力は「主文（説明文）→ 必要に応じた簡潔な補足（箇条書きまたはQ&A）」の順で構成してください。  
商品説明：{description}",-0.95
fluent,4,3,1,4,fluent__e1_b4,"次の商品説明を、内容の正確性と信頼性を厳守しながら、より流暢で分かりやすく、かつ魅力的な表現に書き換えてください。  
必ず以下の指示を守ってください：  
・元の説明に含まれるすべての主要な情報・キーワード・用語・固有名詞を、説明文中で明示的に保持し、自然な文脈で十分な頻度で繰り返し使用してください（検索クエリとの関連性を高めるため）。  
・商品の「特徴」「利点」「用途」「推奨されるターゲット層」をそれぞれ小見出しを付けて分かりやすく分離し、各項目ごとに具体的な内容を箇条書きで整理してください。  
・説明全体を論理的でわかりやすい構造にまとめ、必要に応じて段落や箇条書きを活用してください。  
・冗長な表現や事実に反する内容、過度な誇張は避け、事実の正確性と信頼性を最優先してください。  
・文章として自然で読みやすい流れを保ちつつ、主要な特徴や利点が明確かつ強調されるようにしてください。  
・検索エンジンでの評価を高めるため、検索クエリに関連するキーワードが十分に網羅されているかを常に意識してください。  

商品説明：{description}",0.7
format,4,3,1,4,format__e1_b4,"以下の指示に従い、{description} の商品説明を書き換えてください。  
このリライトの目的は、複数の異なるランキングエンジンにおいて同時に高く評価される、論理的な分かりやすさと人間らしいストーリー性・独自性・魅力を兼ね備えた説明文に仕上げることです。  

1. 商品の特徴・価値・魅力が自然に伝わるリード文から始めてください。利用シーンや情景、体験のイメージを文脈の中で描写してください。  
2. 主なベネフィット、用途、USP（他商品との違い）は、機械的なリストや定型見出しに頼りすぎず、ストーリーや会話・問いかけ・体験談などを交えて、自然な流れで紹介してください。情報の抜け漏れがないよう、必要があれば見出しやリストも最小限で使ってください。  
3. 権威性・事実性・新しさを示す情報（例：受賞歴・専門家評価・最新技術など）は、単なる羅列ではなく、商品の信頼感や安心感・高い体験価値として文章の中で違和感なく組み込んでください。  
4. 利用者がどんな課題を解決できるか、どんな人に特におすすめかについては、実際の悩み・利用シーン・共感できるストーリーや問いかけとともに説明し、必要に応じて簡潔なリストで整理してください。  
5. 全体を読みやすく魅力的なMarkdown形式でまとめてください。テンプレート的・機械的な構造や表現は避け、あくまで自然な流れや人間らしさ・独自性を大切にしてください。  

商品説明：{description}",0.55
language,4,3,1,4,language__e1_b4,"次の商品説明を、事実に基づき、明確かつ簡潔に書き換えてください。  
商品の主な特徴、機能、用途、メリット、ターゲット、商品カテゴリを具体的に記述し、主要なキーワード（カテゴリ名、機能名、用途名など）を自然な形で複数回含めてください。  
説明の冒頭で商品カテゴリと主要な特徴を明示し、以降は用途やユーザーにとっての利便性・ベネフィットを端的に説明してください。  
装飾的・抽象的な表現や他言語フレーズの使用は避けてください。  
全体を通じて、正確性・一貫性・簡潔性を最優先し、冗長な表現や不必要な情報は含めないでください。  
商品説明：{description}",-0.55
minimalist,4,3,1,4,minimalist__e1_b4,"次の商品説明を、事実に基づき、商品の「主な特徴・仕様」を明確に記載してください。  
各特徴や仕様について、「どのような用途やシーンで役立つか」「どのようなユーザーに最適か」「どのようなメリットや価値をもたらすか」を、それぞれ具体的な例や状況とともに説明してください。  
さらに、商品ならではの独自ポイントや他商品との差別化ポイントも盛り込み、ユーザーが検索しそうな関連キーワードや語句を自然な文章の中に織り交ぜてください。  
全体として、事実に基づきながらも、情報量が豊富で一貫性のある説明文となるようリライトしてください。誇張や不正確な表現は避けてください。  
商品説明：{description}",1.5
quality,4,3,1,4,quality__e1_b4,"商品の説明を、複数の異なるランキングエンジンで高く評価されるようにリライトしてください。  
下記のガイドラインに従い、事実の正確性と主要キーワードを保持したまま、内容を明確かつ網羅的・構造的に整理してください。

1. 元の説明に含まれるすべての主要なキーワード・事実・情報を必ず保持してください。
2. 商品の特徴・スペック（サイズ、重量、素材、成分、機能など）を「特徴」セクションで箇条書きにしてください。
3. 主な用途や推奨される利用シーンを「用途例」として、検索されやすいクエリ型フレーズ（例：「○○に最適」「△△が欲しい方」「□□の場面で活躍」など）を含めて、複数箇条書きで明示してください。
4. この商品が解決できる課題や、対応可能な利用者クエリを「クエリ対応例」として、実際の検索意図を想定した短いフレーズで複数記載してください。
5. 顧客が実際に得られるメリットや成果を「メリット」セクションで箇条書きにしてください。
6. 他の商品や類似製品との明確な違いや優位点があれば、「他製品との違い」として一文で簡潔に記載してください。
7. 抽象的な表現や過度な修飾語は避け、簡潔で明瞭かつ構造化された記述にしてください。
8. 必ず事実に基づき、元の説明内容が抜け落ちないことを確認してください。

【リライト例のテンプレート（実際の出力もこの構造で）】
---
【特徴】
- 
- 
【用途例】
- 
- 
【クエリ対応例】
- 
- 
【メリット】
- 
- 
【他製品との違い】
- 
---

商品説明：{description}",-1.3
storytelling,4,3,1,4,storytelling__e1_b4,"以下の{description}の商品説明を、事実情報に基づき、商品の「主な特徴」「用途」「利点」を分かりやすく盛り込み、自然な流れで魅力的な文章に書き換えてください。  
説明文の冒頭で商品の特徴を簡潔にまとめ、その後、具体的な用途や利用シーン、想定されるターゲット層の例を自然に紹介してください。  
利用者が「なぜこの商品が役立つのか」を直感的に理解できるよう、利点やベネフィットも明確に伝えてください。  
必要に応じて箇条書きや見出しを補助的に使いながら、内容の重複や冗長を避け、キーワードや関連語を自然に盛り込んでください。  
事実や特徴・用途・利点を必ず明確に含め、誇張や事実と異なる情報は加えないでください。  
商品説明：{description}",0.7
technical,4,3,1,4,technical__e1_b4,"以下の指示に従い、商品説明を書き換えてください。

1. {description} の主な情報・事実・仕様を変更・追加・削除せず、内容の正確性を必ず維持してください。
2. 冒頭で、商品の特徴・利点・用途・ターゲット層などを端的かつ簡潔にまとめ、読者の注意を引いてください。
3. 元の説明に含まれる技術用語や仕様は、より明確かつ専門的な表現で分かりやすく言い換えてください。ただし、冗長な説明や難解な専門用語の「追加」は避け、既存の情報を正確かつ自然に表現してください。
4. 関連する検索キーワードやクエリ語（利用者が実際に検索する語句）は、過不足なく、説明内に自然で流暢な形で複数回分散させてください。
5. 意味が重複する表現や曖昧な語句を排除し、論理構造を明確にしてください。
6. 専門知識を持つ読者にも一般の利用者にも伝わる、正確で魅力的な説明にしてください。事実を誇張せず、魅力が伝わるよう工夫してください。
7. 内容量（語数・文字数）は元の説明と同じにしてください。

商品説明：{description}",-0.35
trick,4,3,1,4,trick__e1_b4,"以下の商品説明を、複数の異なるランキングエンジンで高く順位付けされるように書き換えてください。  
1. 冒頭で「この商品がユーザーにもたらす主な価値や利点」と「どのような場面・課題で役立つか」を、短く具体的にまとめてください。  
2. 続いて、商品の重要な特徴・用途・詳細情報を、ユーザー視点で分かりやすく、論理的な順序で整理してください。  
3. どのようなユーザーが、どのような状況やニーズでこの商品から恩恵を受けるか、具体例を必ず含めてください。  
4. 事実に基づき、誇張や不自然なキーワード挿入を避け、情報量と簡潔さのバランスを意識してください。  
5. 全体として、読みやすく、ユーザーが直感的に価値を理解できる説明にしてください。  
商品説明：{description}",0.45
unique,4,3,1,4,unique__e1_b4,"次の商品説明を、中心的な情報や事実を変えずに、より魅力的で分かりやすく、かつ多様な検索クエリに高く一致するように改訂してください。  
以下の点に必ず注意してください。  
・商品に関連する主要なキーワード、その重要な同義語や類語、想定される検索クエリ語を積極的に盛り込んでください（例：「軽量・コンパクト（小型）・持ち運びしやすい」など）。  
・商品の特長、仕様、用途、独自の価値（USP）、具体的な利用シーンや対象ユーザーを、具体的かつ簡潔に明示してください。  
・一つの意味に対して複数の言い換えや表現バリエーションを併記し、幅広い検索語やクエリに対応できるようにしてください。  
・過度な装飾語や希少な単語の使用は避け、標準的で自然な日本語を使い、説明の一貫性と正確性を保ってください。  
・一文の長さや構成にも配慮し、誰が読んでも読みやすく、事実に基づいた内容に仕上げてください。  
商品説明：{description}",0.3
advertisement,5,4,2,1,advertisement__e2_b1,"次の商品説明を、複数の検索・ランキングエンジンで高く評価されるよう、客観的かつ網羅的に書き換えてください。  
1. 商品の【特徴】【用途】【利点】【スペック】【独自性（他商品との差分）】を、それぞれ個別のセクションまたは箇条書きで整理してください。  
2. 想定される利用者の代表的なニーズや検索クエリに含まれる語句・表現を、説明文内で明示的かつ自然に使用してください。  
3. 広告的・感情的・主観的な表現やキャッチフレーズ、行動を促す文は一切含めず、事実に基づく客観的な内容のみを記載してください。  
4. 各項目は情報が網羅的かつ明確で、読みやすく整理されていることを重視してください。  
5. 「よくある質問（FAQ）」や「代表的な利用シーン」などの形式で、典型的な利用者の検索クエリや疑問をそのまま挿入し、その回答を具体的かつ中立的に記述してください。  
6. 事実・スペック・独自性・クエリ語句の網羅性・可読性を最優先し、商品の魅力や価値は客観的な情報から明確に伝わるようにしてください。  
商品説明：{description}",0.25
authoritative,5,4,2,1,authoritative__e2_b1,"次の商品説明を、中心となる情報を追加・削除せず、専門性・信頼性を保ちながら、利用者が商品の価値・用途・利便性を具体的かつ明確に理解しやすい文体に書き換えてください。

- 改訂後の説明は、元の意味と関連性を維持しつつ、事実に基づく利点・特徴・強みを簡潔かつ明瞭に表現してください。
- 断定的・誇張的・主観的な表現（例：「最良」「必ず満足」「後悔しません」など）は避けてください。
- 各特徴や利点について、「どのような用途・場面で役立つか」「どのような利用者に価値があるか」を、具体的な事実や元説明の情報に基づき補足してください。
- 利用シーンやユーザー像を明記する場合は、推測や想像ではなく、元の説明内容を根拠にしてください。
- 専門的かつ信頼できるトーンで、利用者が比較・検討しやすいよう論理的・根拠のある表現を用いてください。
- 専門用語や技術的表現が含まれる場合は、簡単な補足説明を加えて理解を助けてください（必要に応じて）。
- 文章構成、行間、箇条書きなどは元のまま維持してください。
- 内容の追加や削除はせず、各行または2〜3文ごとに、事実に基づいた説得力ある表現に言い換えてください。
- 改訂にあたり、情報の正確性・関連性・商品の価値訴求を重視してください。

商品説明：{description}",0.7
clickable,5,4,2,1,clickable__e2_b1,"次の商品説明を、事実に基づき、簡潔かつ具体的な内容に書き換えてください。  
- 商品の主な特徴・利点・用途・代表的な利用シーンを、自然な文章の流れの中でわかりやすくまとめてください。  
- ユーザーが実際に検索で使う関連語句やフレーズを、不自然にならない範囲で説明内に含めてください。  
- 商品固有の価値や強み（他商品と比較した際のメリット）は、具体的に短く示してください。  
- 誇張や曖昧な表現、過度な宣伝語は使わず、必要な情報をもれなく簡潔に網羅してください。  
- 読みやすく、情報が過不足なく伝わる説明にしてください。  

商品説明：{description}",0.15
competitive,5,4,2,1,competitive__e2_b1,"次の商品説明を、以下の指針に従い簡潔かつ明確に書き換えてください。

1. 商品の主要な特徴・利点・独自性を、事実に基づき1~2文で端的にまとめてください。  
2. カテゴリで一般的な機能は簡潔に列挙し、その上で本商品の追加的な価値や強みを明確に補足してください。  
3. この商品が特に役立つ代表的な用途や、想定される主なユーザー像を1~2例、具体的に示してください。  
4. 誇張・根拠のない表現や競合商品との比較、冗長な説明・過度なキーワード網羅は避けてください。  
5. 文章は簡潔・自然で読みやすい構成とし、事実にもとづく信頼性の高い内容にしてください。

商品説明：{description}",-1.2
diverse,5,4,2,1,diverse__e2_b1,"次の商品説明を、事実の正確性を保ったまま、下記の要素を体系的かつ網羅的に含める形で書き換えてください。

1) 商品の「主要な特徴」「利点」「用途」「主なスペック」「ターゲット層」を、それぞれ明確に分けて記載してください。  
2) 利用者が検索時に関心を持ちやすい「キーワード」「関連する属性」「具体的な利用シーン」を、自然な形で説明内に必ず複数盛り込んでください。  
3) 主要な特徴や用途、利点、スペックについては、同義語や関連する語彙、連想されやすい表現も適度に含めてください（例：速い/高速、軽量/コンパクトなど）。  
4) 情報は必要に応じて箇条書きなどで整理し、十分な情報量と語彙の多様性をもたせてください。ただし、事実の範囲を超えた内容や不正確な情報は含めないでください。  
5) どの利用者にも魅力が伝わるよう、表現にバリエーションをもたせつつ、冗長な説明や過度な抽象化は避けてください。

商品説明：{description}",0.55
faq,5,4,2,1,faq__e2_b1,"次の商品説明を、購入を検討する顧客にとって分かりやすく、かつ複数のランキングエンジンで高く評価されるよう、自然で一貫性のある流れに沿った説明文に書き換えてください。  
1. 商品の主要な特徴、用途、利点、そして顧客が持ちやすい疑問や不安を、冒頭から主文全体にわたって一文一意で明確かつ簡潔にまとめてください。  
2. できる限り主文内で重要な情報や顧客の疑問に答え、説明文としての一体感を維持してください。  
3. 補足として箇条書きやQ&Aを追加する場合は、本当に必要な場合に限り、最大2項目まで簡潔に記載してください。補足が不要な場合は主文のみで完結してください。  
4. 元の説明文の重要な内容は必ず残し、冗長や重複は排除し、事実に基づいた正確で魅力的な表現にしてください。  
5. 出力は「主文（説明文）→ 必要に応じた簡潔な補足（箇条書きまたはQ&A）」の順で構成してください。  
商品説明：{description}",-0.45
fluent,5,4,2,1,fluent__e2_b1,"次の商品説明を、内容の正確性と信頼性を厳守しながら、より流暢で分かりやすく、かつ魅力的な表現に書き換えてください。  
必ず以下の指示を守ってください：  
・元の説明に含まれるすべての主要な情報・キーワード・用語・固有名詞を、説明文中で明示的に保持し、自然な文脈で十分な頻度で繰り返し使用してください（検索クエリとの関連性を高めるため）。  
・商品の「特徴」「利点」「用途」「推奨されるターゲット層」をそれぞれ小見出しを付けて分かりやすく分離し、各項目ごとに具体的な内容を箇条書きで整理してください。  
・説明全体を論理的でわかりやすい構造にまとめ、必要に応じて段落や箇条書きを活用してください。  
・冗長な表現や事実に反する内容、過度な誇張は避け、事実の正確性と信頼性を最優先してください。  
・文章として自然で読みやすい流れを保ちつつ、主要な特徴や利点が明確かつ強調されるようにしてください。  
・検索エンジンでの評価を高めるため、検索クエリに関連するキーワードが十分に網羅されているかを常に意識してください。  

商品説明：{description}",0.35
format,5,4,2,1,format__e2_b1,"以下の指示に従い、{description} の商品説明を書き換えてください。  
このリライトの目的は、複数の異なるランキングエンジンにおいて同時に高く評価される、論理的な分かりやすさと人間らしいストーリー性・独自性・魅力を兼ね備えた説明文に仕上げることです。  

1. 商品の特徴・価値・魅力が自然に伝わるリード文から始めてください。利用シーンや情景、体験のイメージを文脈の中で描写してください。  
2. 主なベネフィット、用途、USP（他商品との違い）は、機械的なリストや定型見出しに頼りすぎず、ストーリーや会話・問いかけ・体験談などを交えて、自然な流れで紹介してください。情報の抜け漏れがないよう、必要があれば見出しやリストも最小限で使ってください。  
3. 権威性・事実性・新しさを示す情報（例：受賞歴・専門家評価・最新技術など）は、単なる羅列ではなく、商品の信頼感や安心感・高い体験価値として文章の中で違和感なく組み込んでください。  
4. 利用者がどんな課題を解決できるか、どんな人に特におすすめかについては、実際の悩み・利用シーン・共感できるストーリーや問いかけとともに説明し、必要に応じて簡潔なリストで整理してください。  
5. 全体を読みやすく魅力的なMarkdown形式でまとめてください。テンプレート的・機械的な構造や表現は避け、あくまで自然な流れや人間らしさ・独自性を大切にしてください。  

商品説明：{description}",0.3
language,5,4,2,1,language__e2_b1,"次の商品説明を、事実に基づき、明確かつ簡潔に書き換えてください。  
商品の主な特徴、機能、用途、メリット、ターゲット、商品カテゴリを具体的に記述し、主要なキーワード（カテゴリ名、機能名、用途名など）を自然な形で複数回含めてください。  
説明の冒頭で商品カテゴリと主要な特徴を明示し、以降は用途やユーザーにとっての利便性・ベネフィットを端的に説明してください。  
装飾的・抽象的な表現や他言語フレーズの使用は避けてください。  
全体を通じて、正確性・一貫性・簡潔性を最優先し、冗長な表現や不必要な情報は含めないでください。  
商品説明：{description}",-0.6
minimalist,5,4,2,1,minimalist__e2_b1,"次の商品説明を、事実に基づき、商品の「主な特徴・仕様」を明確に記載してください。  
各特徴や仕様について、「どのような用途やシーンで役立つか」「どのようなユーザーに最適か」「どのようなメリットや価値をもたらすか」を、それぞれ具体的な例や状況とともに説明してください。  
さらに、商品ならではの独自ポイントや他商品との差別化ポイントも盛り込み、ユーザーが検索しそうな関連キーワードや語句を自然な文章の中に織り交ぜてください。  
全体として、事実に基づきながらも、情報量が豊富で一貫性のある説明文となるようリライトしてください。誇張や不正確な表現は避けてください。  
商品説明：{description}",1.55
quality,5,4,2,1,quality__e2_b1,"商品の説明を、複数の異なるランキングエンジンで高く評価されるようにリライトしてください。  
下記のガイドラインに従い、事実の正確性と主要キーワードを保持したまま、内容を明確かつ網羅的・構造的に整理してください。

1. 元の説明に含まれるすべての主要なキーワード・事実・情報を必ず保持してください。
2. 商品の特徴・スペック（サイズ、重量、素材、成分、機能など）を「特徴」セクションで箇条書きにしてください。
3. 主な用途や推奨される利用シーンを「用途例」として、検索されやすいクエリ型フレーズ（例：「○○に最適」「△△が欲しい方」「□□の場面で活躍」など）を含めて、複数箇条書きで明示してください。
4. この商品が解決できる課題や、対応可能な利用者クエリを「クエリ対応例」として、実際の検索意図を想定した短いフレーズで複数記載してください。
5. 顧客が実際に得られるメリットや成果を「メリット」セクションで箇条書きにしてください。
6. 他の商品や類似製品との明確な違いや優位点があれば、「他製品との違い」として一文で簡潔に記載してください。
7. 抽象的な表現や過度な修飾語は避け、簡潔で明瞭かつ構造化された記述にしてください。
8. 必ず事実に基づき、元の説明内容が抜け落ちないことを確認してください。

【リライト例のテンプレート（実際の出力もこの構造で）】
---
【特徴】
- 
- 
【用途例】
- 
- 
【クエリ対応例】
- 
- 
【メリット】
- 
- 
【他製品との違い】
- 
---

商品説明：{description}",-1.3
storytelling,5,4,2,1,storytelling__e2_b1,"以下の{description}の商品説明を、事実情報に基づき、商品の「主な特徴」「用途」「利点」を分かりやすく盛り込み、自然な流れで魅力的な文章に書き換えてください。  
説明文の冒頭で商品の特徴を簡潔にまとめ、その後、具体的な用途や利用シーン、想定されるターゲット層の例を自然に紹介してください。  
利用者が「なぜこの商品が役立つのか」を直感的に理解できるよう、利点やベネフィットも明確に伝えてください。  
必要に応じて箇条書きや見出しを補助的に使いながら、内容の重複や冗長を避け、キーワードや関連語を自然に盛り込んでください。  
事実や特徴・用途・利点を必ず明確に含め、誇張や事実と異なる情報は加えないでください。  
商品説明：{description}",-0.05
technical,5,4,2,1,technical__e2_b1,"以下の指示に従い、商品説明を書き換えてください。

1. {description} の主な情報・事実・仕様を変更・追加・削除せず、内容の正確性を必ず維持してください。
2. 冒頭で、商品の特徴・利点・用途・ターゲット層などを端的かつ簡潔にまとめ、読者の注意を引いてください。
3. 元の説明に含まれる技術用語や仕様は、より明確かつ専門的な表現で分かりやすく言い換えてください。ただし、冗長な説明や難解な専門用語の「追加」は避け、既存の情報を正確かつ自然に表現してください。
4. 関連する検索キーワードやクエリ語（利用者が実際に検索する語句）は、過不足なく、説明内に自然で流暢な形で複数回分散させてください。
5. 意味が重複する表現や曖昧な語句を排除し、論理構造を明確にしてください。
6. 専門知識を持つ読者にも一般の利用者にも伝わる、正確で魅力的な説明にしてください。事実を誇張せず、魅力が伝わるよう工夫してください。
7. 内容量（語数・文字数）は元の説明と同じにしてください。

商品説明：{description}",0.0
trick,5,4,2,1,trick__e2_b1,"以下の商品説明を、複数の異なるランキングエンジンで高く順位付けされるように書き換えてください。  
1. 冒頭で「この商品がユーザーにもたらす主な価値や利点」と「どのような場面・課題で役立つか」を、短く具体的にまとめてください。  
2. 続いて、商品の重要な特徴・用途・詳細情報を、ユーザー視点で分かりやすく、論理的な順序で整理してください。  
3. どのようなユーザーが、どのような状況やニーズでこの商品から恩恵を受けるか、具体例を必ず含めてください。  
4. 事実に基づき、誇張や不自然なキーワード挿入を避け、情報量と簡潔さのバランスを意識してください。  
5. 全体として、読みやすく、ユーザーが直感的に価値を理解できる説明にしてください。  
商品説明：{description}",-0.2
unique,5,4,2,1,unique__e2_b1,"次の商品説明を、中心的な情報や事実を変えずに、より魅力的で分かりやすく、かつ多様な検索クエリに高く一致するように改訂してください。  
以下の点に必ず注意してください。  
・商品に関連する主要なキーワード、その重要な同義語や類語、想定される検索クエリ語を積極的に盛り込んでください（例：「軽量・コンパクト（小型）・持ち運びしやすい」など）。  
・商品の特長、仕様、用途、独自の価値（USP）、具体的な利用シーンや対象ユーザーを、具体的かつ簡潔に明示してください。  
・一つの意味に対して複数の言い換えや表現バリエーションを併記し、幅広い検索語やクエリに対応できるようにしてください。  
・過度な装飾語や希少な単語の使用は避け、標準的で自然な日本語を使い、説明の一貫性と正確性を保ってください。  
・一文の長さや構成にも配慮し、誰が読んでも読みやすく、事実に基づいた内容に仕上げてください。  
商品説明：{description}",0.3
advertisement,6,5,2,2,advertisement__e2_b2,"次の商品説明を、複数の検索・ランキングエンジンで高く評価されるよう、事実に基づき、網羅的かつ構造的に書き換えてください。  
1. 商品の【特徴】【用途】【利点】【スペック】【独自性（他商品との差分）】を、それぞれ個別のセクションまたは箇条書きで整理してください。  
2. 想定される利用者の代表的なニーズや検索クエリ（キーワード・フレーズ）をすべて抽出し、説明文内で明示的に完全一致の形で盛り込んでください。  
3. 各項目は一行ごとに事実やスペックを簡潔・明確に列挙し、重要な情報やキーワードは必要に応じて繰り返し記載してください。  
4. 広告的・感情的・主観的な表現、キャッチフレーズ、行動を促す文は一切含めず、客観的な事実と具体的な内容のみを記載してください。  
5. 「よくある質問（FAQ）」や「代表的な利用シーン」などの形式は、必要に応じて情報列挙の補足として追加しても構いませんが、主軸は項目ごとの網羅的な事実列挙としてください。  
6. すべての情報が整理され、可読性が高く、代表的な検索クエリ語句やスペックが漏れなく盛り込まれていることを重視してください。  
商品説明：{description}",-0.25
authoritative,6,5,2,2,authoritative__e2_b2,"次の商品説明を、**内容の追加・削除なく、事実に基づく専門性・信頼性を保ちながら、利用者が商品の価値・用途・利便性を具体的かつ明確に理解できる文体へ書き換えてください。**

- 改訂後の説明は、元の意味・関連性を維持しつつ、各特徴や利点について「どのような場面・用途・利用者にとって価値があるか」を、**元の説明の根拠に基づき具体的かつ客観的に**補足してください（推測・仮定は不可）。
- 事実に基づく利点・特徴・強みを、**簡潔かつ論理的に**表現してください。必要に応じて「この特徴がなぜ価値となるか」の理由・背景も補足してください（元説明に根拠がある場合のみ）。
- 断定的・誇張的・主観的な表現（例：「最良」「必ず満足」「後悔しません」など）は避けてください。
- 専門用語や技術的な表現が含まれる場合は、**必要最小限で、平易な補足説明を加えてください**（元説明に記載がある場合のみ）。
- 利用者が他商品と比較・検討しやすくなるよう、**選択理由や用途を明確に**してください（ただし元説明の事実範囲に限定）。
- 文章構成、行間、箇条書きなどは元のまま維持してください。
- 各行または2〜3文ごとに、**事実の正確性と関連性、商品の価値訴求を重視しつつ、説得力ある表現に言い換えてください**。

商品説明：{description}",0.75
clickable,6,5,2,2,clickable__e2_b2,"次の商品説明を、事実に基づき、簡潔かつ具体的な内容に書き換えてください。  
必ず以下の点に従ってください：  
- 商品の【主な特徴】【利点】【用途・利用シーン】を、それぞれ明確に分けて記述してください。必要に応じて箇条書きを使い、情報が一目で分かるようにしてください。  
- ユーザーが実際に検索で使う関連語句やフレーズ、代表的な使い方を、自然な形で説明に含めてください。  
- 他商品と比較した際に選ばれる理由や、商品固有の強みを短く具体的に示してください。  
- 誇張や曖昧な表現、過度な宣伝語は使わず、必要な情報のみを簡潔にまとめてください。  
- 冗長な説明を避け、読みやすい日本語で分かりやすく伝えてください。  

商品説明：{description}",-0.7
competitive,6,5,2,2,competitive__e2_b2,"次の商品説明を、以下の指針に従って事実に基づき、簡潔かつ明確で多様な利用者ニーズに対応できるよう書き換えてください。

1. 商品の主要な特徴・利点・独自性を、1～2文で端的かつ具体的にまとめてください。
2. カテゴリで一般的な機能は簡潔に触れた上で、本商品の追加的な価値や強みを、用途やユーザーの視点から明示してください。
3. この商品が役立つ代表的な用途や主なユーザー像を具体例として1～2つ挙げるとともに、「日常からビジネス・専門用途まで幅広く活躍」「初心者から上級者まで使いやすい」など、多様なシーンやニーズにも自然に触れてください。
4. 誇張や根拠のない表現、競合商品との比較、冗長な説明や過度なキーワード羅列は避けてください。
5. 文章は簡潔で自然な構成とし、事実に基づく信頼性を保ってください。

商品説明：{description}",-0.85
diverse,6,5,2,2,diverse__e2_b2,"次の商品説明を、事実の正確性を保ったまま、下記の要素を体系的かつ網羅的に含める形で書き換えてください。

1) 商品の「主要な特徴」「利点」「用途」「主なスペック」「ターゲット層」を、それぞれ【見出し】と【箇条書き】で明確に分けて記載してください。
2) 各項目ごとに、利用者が検索時に関心を持ちやすい「キーワード」「関連する属性」「具体的な利用シーン」を、自然な説明文の中に必ず盛り込み、項目末尾には【関連キーワード・属性・利用シーン】として明示的にリストアップしてください。
3) 主要な特徴や用途、利点、スペックについては、同義語や関連する語彙、連想されやすい表現も適度に含めてください（例：速い/高速、軽量/コンパクトなど）。
4) 情報量が十分で語彙の多様性がある説明にしてください。必要に応じて箇条書きやリストを活用し、スペックや属性、利用シーン、キーワードが埋もれないよう明示的に記載してください。事実の範囲を超えた内容や不正確な情報は含めないでください。
5) どの利用者にも魅力が伝わるよう、表現にバリエーションをもたせつつ、冗長な説明や過度な抽象化は避けてください。

商品説明：{description}",-0.4
faq,6,5,2,2,faq__e2_b2,"次の商品説明を、購入を検討する顧客にとって分かりやすく、かつ複数のランキングエンジンで高く評価されるよう、自然で一貫性のある説明文に書き換えてください。  
1. 商品の主要な特徴、用途、利点、そして顧客が持ちやすい疑問や不安は、主文の中で自然な流れでまとめてください。  
2. 主文だけで内容が十分に伝わるよう意識し、一体感のある説明文を作成してください。  
3. 必要な場合のみ、主文で説明しきれない重要な補足情報を、簡潔な箇条書きまたはQ&A（最大2項目まで）で最後に追加してください。補足が不要な場合は主文のみで完結してください。  
4. 元の説明文の重要な内容は必ず残し、冗長や重複は排除し、事実に基づいた正確かつ魅力的な表現にしてください。  
5. 出力は「主文（説明文）→ 必要に応じた簡潔な補足（箇条書きまたはQ&A）」の順で構成してください。  
商品説明：{description}",-0.4
fluent,6,5,2,2,fluent__e2_b2,"次の商品説明を、内容の正確性と信頼性を厳守したうえで、より流暢で分かりやすく、かつ魅力的な表現に書き換えてください。  
必ず以下の指示を守ってください：  
・元の説明に含まれるすべての主要な情報・キーワード・用語・固有名詞を、説明文全体および各セクション（特徴・利点・用途・推奨ターゲット層）の中で明示的に、かつ自然な文脈で繰り返し使用してください。検索クエリと高い関連性を持たせるため、各見出しや箇条書きにも主要なキーワードや特徴語句が含まれるよう意識してください。  
・商品の「特徴」「利点」「用途」「推奨されるターゲット層」をそれぞれ小見出しで分かりやすく区別し、各項目ごとに具体的な内容を箇条書きで整理してください。可能な範囲で、具体的な数値、使用場面、事例なども盛り込んでください。  
・説明全体を論理的かつ簡潔で分かりやすい構造にまとめ、段落や箇条書きを活用して読みやすさと情報の明確な区分を両立してください。  
・冗長な表現や事実に反する内容、過度な誇張、不自然なキーワードの繰り返しは避けてください。事実の正確性と信頼性を最優先しつつ、特徴や利点が明確に強調されるようにしてください。  
・すべてのセクションで、検索クエリに関連するキーワードが自然に含まれているかを常に確認し、流暢で読みやすい文章とキーワード網羅性のバランスを最適化してください。  

商品説明：{description}",0.4
format,6,5,2,2,format__e2_b2,"以下の指示に従い、{description} の商品説明を書き換えてください。  
このリライトの目的は、複数の異なるランキングエンジンで同時に高く評価されることです。論理的な分かりやすさと、人間らしいストーリー性・独自性・魅力を両立させてください。

1. 最初に、商品の特徴・価値・魅力が一目で伝わる短いリード文を書いてください。利用シーンや体験イメージも一文添えてください。
2. 次に、主なベネフィット・用途・USP（他商品との違い）を、共感できる問いかけやエピソードを交えつつ、**必ず明示的に短いリストまたは箇条書きで整理**してください。  
   各ポイントは、具体的かつ分かりやすく簡潔にまとめてください。
3. 権威性・事実性・新しさを示す情報（例：受賞歴・専門家の評価・最新技術）は、ストーリー性を損なわない範囲で**明示的に**文中に組み込み、商品の信頼感や安心感として伝えてください。
4. 利用者がどんな課題を解決できるか、どんな人に特におすすめかは、「実際の悩みや利用シーンを想起させる一文」＋**明確なリスト**で分かりやすくまとめてください。
5. 全体を**Markdown形式**で整理してください。各セクションは見出し（H2/H3等）を適切に使い、過度なテンプレート化や機械的表現を避けつつも、「情報の明示性」「文章の流れ」「独自の魅力」を両立してください。

商品説明：{description}",-0.1
language,6,5,2,2,language__e2_b2,"次の商品説明を、事実に基づいて明確かつ簡潔に書き換えてください。  
冒頭で必ず商品カテゴリと主要な特徴を明示し、その後、商品の機能、用途、メリット、ターゲット、活用シーンを具体的に端的に記述してください。  
主要なキーワード（商品カテゴリ名、機能名、用途名、メリットなど）は、それぞれ説明中で最低2回ずつ自然に含めてください。  
説明全体を通して、ユーザーの典型的なニーズや課題にどのように応えるかを明確に示し、商品がどのような価値や利便性を提供するかを強調してください。  
冗長な表現、装飾的・抽象的な表現、他言語フレーズの使用は避け、実用性や信頼性が伝わるようにしてください。  
正確性・一貫性・簡潔性を最優先し、必要な情報のみを含めてください。  
商品説明：{description}",-0.95
minimalist,6,5,2,2,minimalist__e2_b2,"次の商品説明を、事実に基づき、以下の構成でわかりやすくリライトしてください。  
1. 主な特徴・仕様（箇条書きで明確に記載）  
2. 各特徴や仕様ごとに、「どのような用途やシーンで役立つか」「どのようなユーザーに最適か」「どのようなメリットや価値をもたらすか」を、具体的な使用例や状況とともに短く説明  
3. 商品ならではの独自ポイントや、他商品との明確な差別化ポイントを、比較や具体例を交えて記載  
4. ユーザーが検索しそうな関連キーワードや語句を自然な形で説明文や箇条書き内に盛り込む  
5. 全体として、情報量が豊富で、一貫性と構造性のある説明文にしてください。誇張や不正確な表現は避けてください。

商品説明：{description}",-0.15
quality,6,5,2,2,quality__e2_b2,"商品の説明を、複数の異なるランキングエンジンで同時に高く評価されるよう最適化してリライトしてください。  
以下のガイドラインに従い、事実の正確性と主要キーワードを保持したまま、明確・簡潔・構造化された説明にしてください。

1. 元の説明に含まれる全ての主要なキーワード・事実・情報を必ず保持し、抜け落ちがないようにしてください。
2. 商品の特徴・スペック（サイズ、重量、素材、成分、機能など）は「特徴」セクションで、属性名（例：「サイズ：」「素材：」）とともに、可能な限り定量的・具体的に箇条書きしてください。
3. 主な用途や推奨される利用シーンを「用途例」セクションで、検索されやすいクエリ型フレーズ（例：「○○用」「△△に最適」「□□で活躍」「■■をお探しの方」等）を最低5パターン以上、箇条書きで明示してください。
4. この商品が解決できる課題や対応可能な利用者クエリを「クエリ対応例」セクションで、実際の検索意図に沿った短いフレーズや疑問文、目的型表現など、最低5パターン以上を記載してください。
5. 顧客が実際に得られる具体的なメリットや成果を「メリット」セクションで、短く端的な箇条書きで明示してください（例：「○○が時短」「△△の悩みを解決」「□□が簡単にできる」など）。
6. 他の商品や類似製品との明確な違いや優位点があれば、「他製品との違い」セクションで一文で簡潔に、具体的な差別化ポイントを記載してください（例：「唯一の○○機能搭載」「他製品にはない□□素材使用」など）。
7. 抽象的な表現や過度な修飾語は避け、短く・明瞭に・構造化して記述してください。
8. 必ず事実に基づき、リライト後も元の説明内容が全て残っていることを確認してください。

【リライト例のテンプレート（実際の出力もこの構造で）】  
---  
【特徴】  
-  
-  
【用途例】  
-  
-  
-  
-  
-  
【クエリ対応例】  
-  
-  
-  
-  
-  
【メリット】  
-  
-  
-  
【他製品との違い】  
-  
---  

商品説明：{description}",-1.5
storytelling,6,5,2,2,storytelling__e2_b2,"以下の{description}の商品説明を、事実情報に基づき、商品の「主な特徴」「用途」「利点」を分かりやすく盛り込みつつ、自然な流れと一体感のある魅力的な文章に書き換えてください。  
説明文の冒頭で商品の特徴を簡潔にまとめ、その後は具体的な用途や利用シーン、想定されるターゲット層の例を、自然なエピソードや流れの中で紹介してください。  
利用者が「なぜこの商品が役立つのか」を直感的に理解できるよう、利点やベネフィットも明確に伝えてください。  
キーワードや関連語は、文脈に自然に馴染む形で盛り込んでください。  
箇条書きや見出しは必要最小限とし、情報の重複や冗長は避け、要点を明確に整理してください。  
事実や特徴・用途・利点は必ず含め、誇張や事実と異なる情報は加えないでください。  
商品説明：{description}",0.5
technical,6,5,2,2,technical__e2_b2,"以下の指示に従い、商品説明を書き換えてください。  
このリライトの目的は、異なる特徴を持つ複数のランキングエンジン（例：可読性重視・専門性重視）において、いずれでも高く順位付けされる説明文へ最適化することです。

1. {description} に含まれる主な情報・事実・仕様は、内容の正確性を損なわず、変更・追加・削除せず維持してください。
2. 商品の特徴・用途・利点・ターゲット層などを、冒頭に一文で簡潔かつ明確にまとめて提示してください。ここで検索クエリや関連キーワードも自然に含めてください。
3. 既存の技術用語や仕様は、より専門的かつ正確で明瞭な表現へ言い換えてください。ただし、新たな専門用語や技術情報の追加や、冗長な再説明は行わず、既存情報の質的な表現変換のみに留めてください。
4. 関連する検索キーワードやクエリ語（利用者が実際に検索しそうな語句）は、説明全体に自然かつ流暢な形で分散させてください。詰め込みや不自然な繰り返しは避けてください。
5. 意味が重複する表現、曖昧な語句、不要な冗長表現を排除し、論理構造を明確にしてください。
6. 専門知識を持つ読者にも一般利用者にも伝わる、正確かつ魅力的な説明にしてください。事実を誇張せず、商品の魅力が伝わるよう工夫してください。
7. 書き換え後の説明の語数・文字数は、元の説明と同じにしてください。

商品説明：{description}",-0.65
trick,6,5,2,2,trick__e2_b2,"以下の商品説明を、複数の異なるランキングエンジンで高く評価されるように書き換えてください。  
1. 冒頭で、この商品がユーザーにもたらす「主な価値」や「利点」を短く明確に述べてください。  
2. 次に、商品の「用途」「特徴」「解決できる課題」を、箇条書きで分かりやすく整理してください。  
3. 続いて、「どのようなユーザーが、どのような状況やニーズでこの商品から恩恵を受けるか」について、具体的な利用シーンや課題解決例を2つ以上簡潔に示してください。  
4. 最後に、商品の詳細情報（仕様・スペック・注意点など）があれば、簡潔なリスト形式でまとめてください。  
5. 全体として、事実に基づき、誇張や不自然なキーワード挿入を避け、情報量と簡潔さのバランスを保ち、読みやすく直感的に価値を伝える説明にしてください。  
商品説明：{description}",-0.15
unique,6,5,2,2,unique__e2_b2,"次の商品説明を、中心となる情報や事実を変更せず、より魅力的で分かりやすく、さまざまな検索クエリに的確に一致するように改訂してください。  
以下の点に注意してください。  
・商品に関連する主要なキーワードや、重要な同義語・関連語を、自然な文脈で要所に盛り込んでください（例：「軽量」「コンパクト」「持ち運びやすい」など）。  
・商品の特長、仕様、用途、独自の価値（USP）、具体的な利用シーンや対象ユーザーを、端的かつ具体的に記述してください。  
・情報は簡潔な短文または箇条書きを意識し、冗長な言い換えや過度なバリエーション併記は避けてください。  
・過度な装飾語や希少な単語は使わず、標準的で自然な日本語を用いてください。  
・説明全体の一貫性と事実の正確性を保ち、誰が読んでも理解しやすい内容に仕上げてください。  
商品説明：{description}",0.75
advertisement,7,6,2,3,advertisement__e2_b3,"次の商品説明を、複数の検索・ランキングエンジンにおいて高く評価されるよう、事実に基づき、簡潔かつ構造的に書き換えてください。  
1. 商品の【特徴】【用途】【利点】【スペック】【独自性（他商品との差分）】を、それぞれ個別のセクションまたは箇条書きで整理してください。  
2. 想定される利用者の代表的なニーズや検索クエリ（キーワードやフレーズ）を適切な文脈で自然に説明文内へ盛り込んでください。キーワードの羅列や過剰な繰り返しは避けてください。  
3. 各項目は一行ごとに、簡潔・明確・具体的に事実やスペックを記載してください。  
4. 広告的・感情的・主観的な表現、キャッチフレーズ、行動を促す文は一切含めず、客観的な事実と具体的情報のみを記載してください。  
5. FAQや代表的な利用シーンは必要最小限、補助的に1～2項目程度までに留め、主軸は項目ごとの事実・スペックの簡潔な列挙としてください。  
6. すべての情報が整理され、可読性が高く、代表的な検索クエリ語句やスペックが自然な形で盛り込まれていることを重視してください。  
商品説明：{description}",-1.0
authoritative,7,6,2,3,authoritative__e2_b3,"次の商品説明を、**内容の追加・削除なく、事実に基づく専門性と信頼性を保ちつつ、利用者が商品の価値や用途、利便性を明確かつ具体的に理解できる文体へ書き換えてください。**

- 改訂後の説明は、元の意味と関連性を維持しながら、各特徴や利点について「どのような用途・場面・利用者にとって価値があるか」を、**元の説明に明示されている内容、またはそこから論理的に導ける範囲で**具体的に補足してください（根拠なき推測や誇張は不可）。
- 事実に基づく利点・特徴・強みを、**明確かつ分かりやすく**表現し、必要に応じて「この特徴がなぜ価値となるか」の理由や背景も述べてください（元説明に直接書かれている内容、または論理的に導ける場合のみ）。
- 断定的・誇張的・主観的な表現（例：「最良」「必ず満足」「後悔しません」など）は避けてください。
- 専門用語や技術的な表現が含まれる場合は、**読者の理解を助けるために適宜、平易な補足説明を加えてください**。
- 利用者が他商品と比較・検討しやすくなるよう、**選択理由や用途、利用シーン、具体的なベネフィット**を明確にしてください（ただし、内容は元説明の情報または論理的帰結に限定）。
- 文章構成、行間、箇条書きなどは元のまま維持してください。
- 各行または2〜3文ごとに、**事実の正確性と関連性、商品の価値訴求を重視しつつ、説得力ある表現に言い換えてください**。

商品説明：{description}",0.6
clickable,7,6,2,3,clickable__e2_b3,"次の商品説明を、事実に基づき、簡潔かつ具体的で自然な日本語に書き換えてください。  
必ず以下の点に留意してください：  
- 商品の主な特徴、利点、用途・利用シーンを分かりやすく網羅してください。必要に応じて箇条書きも使えますが、説明全体の自然な流れを優先してください。  
- ユーザーが実際に検索で使う関連語句や代表的な使い方を、違和感なく説明に含めてください。  
- 他商品と比較した際に選ばれる理由や、商品固有の価値・強みを事実に基づいて短く具体的に示してください。  
- 誇張や曖昧な表現、過度な宣伝語、冗長な説明は避けてください。  
- 必要な情報が簡潔かつ自然にまとまるようにしてください。  

商品説明：{description}",0.75
competitive,7,6,2,3,competitive__e2_b3,"次の商品説明を、以下の指示に従い、事実に基づき簡潔かつ具体的に書き換えてください。

1. 商品の主要な特徴・利点・独自性を、1～2文で端的かつ明確にまとめてください。
2. カテゴリで一般的な機能は一言で触れた上で、本商品の追加的な価値や強みを、具体的な用途またはユーザーの視点から説明してください。
3. この商品が特に役立つ代表的な用途や、想定される主なユーザー像を2例まで挙げてください（例：「在宅ワークに最適」「学生の学習サポートとしても活躍」など）。
4. 「多様なニーズ」や「幅広く活躍」など抽象的な表現は避け、用途やユーザー像を具体的に表現してください。
5. 誇張や根拠のない表現、競合商品との比較、冗長な説明や過度なキーワードの列挙は避け、読みやすく自然な文章で事実に基づく説明にしてください。

商品説明：{description}",-1.85
diverse,7,6,2,3,diverse__e2_b3,"次の商品説明を、事実の正確性を維持したまま、下記の要素を「説明文＋明示的なリスト」の両方を活用して、体系的かつ網羅的に書き換えてください。

1) 商品の「主要な特徴」「利点」「用途」「主なスペック」「ターゲット層」を、それぞれ【見出し】ごとに分けて記載してください。  
2) 各見出しごとに、まず簡潔で分かりやすい説明文を記載し、その直後に「関連キーワード・属性・利用シーン・同義語・スペック」などを明示的なリスト（箇条書き、太字など）で列挙してください。  
3) 主要な特徴や利点、用途、スペックには、同義語や関連語句、連想されやすいワードも含めてください（例：速い/高速、軽量/コンパクトなど）。  
4) キーワードや属性、スペック、用途は「説明文に自然に含める」だけでなく、「リストで明示的に列挙」してください。  
5) 情報の過不足がないようにし、説明が冗長にならないよう注意してください。どの利用者にも魅力が伝わるよう、表現や語彙にバリエーションを持たせてください。  
6) 事実を超える内容や不正確な情報は絶対に含めないでください。

商品説明：{description}",0.2
faq,7,6,2,3,faq__e2_b3,"次の商品説明を、購入を検討する顧客にとって分かりやすく、かつ複数のランキングエンジンで高く評価されるように、主文と必要に応じた補足を組み合わせて自然で魅力的な説明文に書き換えてください。  
1. 主文では、商品の主要な特徴・用途・利点、および顧客が持ちやすい疑問や不安への回答を、簡潔かつ自然な流れでまとめてください。主文が長くなる場合は、適度に段落を分けて読みやすさを意識してください。  
2. 主文だけで十分に伝えきれない重要な情報や、特に強調したい補足事項がある場合は、最後に簡潔な箇条書きやQ&A（最大2項目まで）を追加してください。補足が不要な場合は主文のみで完結してください。  
3. 元の説明文の重要な内容は必ず残し、冗長や重複は排除し、事実に基づいた正確かつ魅力的な表現にしてください。  
4. 出力は「主文（説明文）→ 必要な場合の補足（箇条書きまたはQ&A）」の順で構成してください。  
商品説明：{description}",0.05
fluent,7,6,2,3,fluent__e2_b3,"次の商品説明を、内容の正確性と信頼性を最優先しながら、流暢で分かりやすく、かつ魅力的な表現に書き換えてください。  
必ず以下の指示を守ってください：  
・元の説明に含まれるすべての主要な情報・キーワード・固有名詞を、説明文全体および各セクション（特徴・利点・用途・推奨ターゲット層）で自然な文脈の中で十分な頻度で使用してください。キーワードや特徴語句は、不自然な繰り返しやスパム的な挿入を避けつつ、検索クエリとの関連性が高まるよう意識してください。  
・商品の「特徴」「利点」「用途」「推奨されるターゲット層」を小見出しで分け、各項目ごとに具体的で分かりやすい内容を箇条書きで整理してください。可能な範囲で、具体的な数値や事例、使用シーンも含めてください。  
・説明全体の構造は論理的かつ簡潔で、段落や箇条書きを活用し、情報が明確に区分されるようにしてください。  
・冗長な表現や事実に反する内容、過度な誇張、不自然なキーワードの繰り返しは避け、読みやすさと信頼性を両立させてください。  
・すべてのセクションで、検索クエリに関連する重要な語句が自然に含まれているかを確認し、文章の流暢さとキーワード網羅性のバランスを最適化してください。  

商品説明：{description}",0.65
format,7,6,2,3,format__e2_b3,"以下の指示に従い、{description} の商品説明を書き換えてください。  
このリライトの目的は、複数の異なるランキングエンジンで同時に高く評価されることです。論理的な分かりやすさと、人間らしいストーリー性・独自性・魅力を両立させてください。

1. まず、商品の特徴や価値、魅力がすぐに伝わる短いリード文を書き、利用シーンや体験をイメージできる一文を添えてください。
2. 主なベネフィット、用途、USP（他商品との違い）は、自然な説明やストーリー、問いかけ・エピソードなどを交えながら紹介してください。情報が分かりやすく伝わる場合のみ、必要に応じて見出しやリストも使ってください（必須ではありません）。
3. 権威性・事実性・新しさを示す情報（例：受賞歴・専門家評価・最新技術など）は、単なる羅列ではなく、信頼感や高い価値として自然な流れに組み込んでください。
4. 利用者がどんな課題を解決できるか、どんな人に特におすすめかは、実際の悩みや利用シーン・共感できるストーリーを交えて説明し、必要に応じてリストや箇条書きも活用してください。
5. 全体を読みやすく魅力的なMarkdown形式でまとめてください。テンプレート的・機械的な構造や表現は避け、自然な文章の流れと独自性・人間らしさを大切にしてください。

商品説明：{description}",0.05
language,7,6,2,3,language__e2_b3,"次の商品説明を、事実に基づき、明確で簡潔かつ自然な流れになるように書き換えてください。  
説明の冒頭で商品カテゴリと主要な特徴を端的に示し、続いて機能・用途・メリット・ターゲット・活用シーンを、必要に応じて論理的につなげて記述してください。  
商品カテゴリや主要な機能・用途・メリットなどのキーワードは、説明の流れの中で自然に複数回盛り込んでください（ただし、機械的な繰り返しは避けてください）。  
説明全体を通じて、商品の価値や利便性が「特徴」「用途」「メリット」から自然に伝わるようにし、ユーザーのニーズや課題解決にどうつながるかを端的に示してください。  
冗長な表現や不必要な装飾、他言語フレーズ、抽象的な価値訴求は避け、実用性・信頼性・魅力が伝わるようにしてください。  
正確性・一貫性・簡潔性を最優先し、必要な情報だけを含めてください。  
商品説明：{description}",0.0
minimalist,7,6,2,3,minimalist__e2_b3,"次の商品説明を、事実に基づき、以下の流れに沿ってわかりやすくリライトしてください。

1. 【主な特徴・仕様】を箇条書きで簡潔に整理してください。
2. 続いて、それぞれの特徴や仕様について「どのような用途やシーンで役立つか」「どのようなユーザーに最適か」「どのようなメリットや価値をもたらすか」を、具体的な使用例や状況を交え、自然な文章で説明してください。
3. 商品ならではの独自ポイントや、他商品との明確な差別化ポイントについても、比較や実例を交えて詳しく解説してください。
4. 上記説明の中で、ユーザーが検索しそうな関連キーワードや語句を、不自然にならないように盛り込んでください。
5. 最後に、この商品が特におすすめできるユーザーや利用シーンについて簡単にまとめてください。

全体として、情報量が豊富で、一貫性と流れのある説明文にしてください。誇張や不正確な表現は避け、事実に基づく内容としてください。

商品説明：{description}",-0.1
quality,7,6,2,3,quality__e2_b3,"商品の説明を、複数の異なるランキングエンジンで同時に高く順位付けされるよう最適化し、リライトしてください。  
以下の指示に厳密に従い、すべての主要なキーワード・事実・情報を保持しつつ、明確・簡潔・構造化され、定量的・具体的な内容にしてください。

1. 元の説明に含まれるすべての主要なキーワード・事実・情報を必ず保持し、抜け落ちのないようにしてください。
2. 商品のスペックや特徴（サイズ、重量、素材、成分、機能、性能指標など）は「特徴」セクションに、可能な限り定量的・具体的に属性名とともに箇条書きしてください。
3. 主な用途や推奨される利用シーンを「用途例」セクションに、検索されやすい目的型・疑問型・ターゲット型など多様なクエリ型フレーズ（例：「○○用」「△△に最適」「□□で活躍」「■■をお探しの方」「▲▲はこれで解決」「××に困っている方必見」等）を7～10パターン、箇条書きで示してください。
4. この商品が解決できる課題や、対応可能な利用者クエリを「クエリ対応例」セクションで、実際の検索意図や質問文・目的型表現として7～10パターン挙げてください。
5. 顧客が得られる具体的なメリットや成果を「メリット」セクションで、できるだけ定量的・具体的な内容（例：「作業時間が30%短縮」「○○のコストを年△△円削減」「□□の手間が不要」など）にして3～5件箇条書きで示してください。
6. 他の商品や類似製品との明確な違いや優位点があれば、「他製品との違い」セクションで、できるだけ定量的・具体的な差別化ポイントを一文で簡潔に記載してください（例：「唯一の○○搭載」「他社製品にない□□素材使用」「従来品比△%軽量化」など）。
7. 抽象的な表現や冗長な文章を避け、1文ごとに明確・簡潔・具体的に箇条書きしてください。
8. 最終的に、元の説明内容・主要キーワード・事実がすべて保持されているか再確認してください。

【リライト例のテンプレート（実際の出力もこの構造で）】  
---  
【特徴】  
-  
-  
【用途例】  
-  
-  
-  
-  
-  
-  
-  
-  
-  
-  
【クエリ対応例】  
-  
-  
-  
-  
-  
-  
-  
-  
-  
-  
【メリット】  
-  
-  
-  
-  
【他製品との違い】  
-  
---

商品説明：{description}",-0.65
storytelling,7,6,2,3,storytelling__e2_b3,"以下の{description}の商品説明をもとに、商品の「主な特徴」「用途」「利点」を事実情報に基づいて明確に盛り込み、自然な流れと一体感のある魅力的な説明文に書き換えてください。  
まず冒頭で商品の特徴を簡潔にまとめ、その後は、利用シーンや用途、想定されるターゲット層を、利用者の視点から具体的なエピソードやストーリーを交えて自然に紹介してください。  
読者が「なぜこの商品が自分にとって役立つのか」を直感的に理解できるよう、利点やベネフィットを明快に伝えてください。  
関連するキーワードや関連語句は、説明文の文脈に自然に馴染むように取り入れてください。  
全体を通じて情報の重複や冗長を避け、要点を整理しつつ、説明文が途切れず一体感を持つように仕上げてください。  
誇張や事実と異なる内容は加えず、事実に基づいた説明を徹底してください。  
商品説明：{description}",0.3
technical,7,6,2,3,technical__e2_b3,"以下の指示に従い、商品説明を書き換えてください。  
このリライトの目的は、異なる特徴を持つ複数のランキングエンジン（例：可読性重視・専門性重視）において、いずれでも高く順位付けされる説明文へ最適化することです。

1. {description} に含まれる主な情報・事実・仕様は、内容の正確性を損なわず、変更・追加・削除せず必ず維持してください。
2. 冒頭で、商品の特徴・用途・利点・ターゲット層・主要仕様を一文で簡潔かつ明確にまとめ、検索クエリや関連キーワードを自然に含めて提示してください。
3. 元の説明に含まれる技術用語や仕様は、より専門的かつ具体的で明瞭な表現に質的変換してください。既存情報の文脈やニュアンスを強化し、専門用語や仕様は明確に、かつ読みやすく表現してください。ただし、冗長な説明や難解な新規専門用語の追加は禁止します。
4. 関連する検索キーワードやクエリ語（利用者が検索しそうな語句）は、説明全体にわたり過不足なく自然な形で分散してください。不自然な詰め込みや繰り返しは避けてください。
5. 意味が重複する表現や曖昧な語句、不要な冗長表現を排除し、論理構造を明確にしてください。
6. 専門知識を持つ読者にも一般の利用者にも伝わるよう、「正確性」「読みやすさ」「専門性」「魅力」を両立させてください。事実を誇張せず、商品本来の魅力が自然に伝わる工夫をしてください。
7. 書き換え後の説明の語数・文字数は、元の説明と厳密に同じにしてください。

商品説明：{description}",-1.05
trick,7,6,2,3,trick__e2_b3,"以下の商品説明を、複数の異なるランキングエンジンで高く順位付けされるように、明確で論理的かつ具体的な内容に書き換えてください。  
1. 冒頭で、この商品がユーザーにもたらす「主な価値」や「利点」を、要点を押さえて簡潔にまとめてください。  
2. 「用途」「特徴」「解決できる課題」を、それぞれ小見出しを付けて分け、箇条書きと必要に応じた簡単な補足（例：具体的な使い方や状況）を加えてください。  
3. 「どのようなユーザーが、どのような状況やニーズでこの商品から恩恵を受けるか」について、異なるユーザータイプや利用シーンの具体例を2つ以上、1～2文で簡潔かつ明確に記述してください。  
4. 商品の詳細情報（仕様・スペック・注意点など）は、独立したセクションとしてリスト形式で分かりやすくまとめてください。  
5. 全体として、事実に基づき、誇張や不自然なキーワード挿入を避け、情報の具体性と簡潔さのバランスを意識し、読みやすく直感的に価値が伝わる説明にしてください。  
商品説明：{description}",0.25
unique,7,6,2,3,unique__e2_b3,"次の商品説明を、中心となる情報や事実を変更せず、より魅力的で分かりやすく、幅広い検索クエリに的確に一致するように改訂してください。  
以下の点を必ず守ってください。  
・商品に関連する主要なキーワードや、その重要な同義語・類語・よく検索されるクエリ語を、明示的に併記してください（例：「軽量／コンパクト／小型／持ち運びやすい」など）。  
・商品の特長、仕様、用途、独自の価値（USP）、想定される利用シーンや対象ユーザーを、具体的かつ簡潔に箇条書きで明示してください。  
・必要な範囲でバリエーションや言い換え表現を盛り込み、キーワードの直接一致や多様な検索意図に対応できるようにしてください。  
・過度な装飾語や希少な単語は使わず、標準的で自然な日本語を使用し、全体の一貫性と事実の正確性を維持してください。  
・短文や箇条書きを活用し、誰が読んでも理解しやすい内容にしてください。  
商品説明：{description}",0.4
advertisement,8,7,2,4,advertisement__e2_b4,"次の商品説明を、複数の検索・ランキングエンジンにおいて高く評価されるよう、事実に基づき、網羅的かつ構造的に書き換えてください。  
1. 商品の【特徴】【用途】【利点】【スペック】【独自性（他商品との差分）】を、それぞれ個別のセクションまたは箇条書きで整理してください。  
2. 各セクションの冒頭に、そのセクションに関連する代表的な検索クエリやキーワードを括弧付きで列挙してください（例：「【特徴】（キーワード: XXX, YYY）」）。  
3. 各項目には、代表的な検索クエリ語句やキーワードを完全一致で盛り込み、ただし不自然な繰り返しや過剰な羅列は避けてください。  
4. 各項目は一行ごとに、簡潔・明確・具体的に事実やスペックを記載してください。  
5. 広告的・感情的・主観的な表現、キャッチフレーズ、行動を促す文は一切含めず、客観的な事実と具体的情報のみを記載してください。  
6. FAQや代表的な利用シーンは必要最小限1項目まで補助的に記載しても構いませんが、主軸は項目ごとの事実・スペックの列挙としてください。  
7. すべての情報が整理され、可読性が高く、代表的な検索クエリ語句やスペックが自然な形で盛り込まれていることを重視してください。  
商品説明：{description}",-0.3
authoritative,8,7,2,4,authoritative__e2_b4,"次の商品説明を、**内容の追加・削除なく、事実に基づく専門性と信頼性を保ちながら、利用者が商品の価値・用途・利便性を明確かつ具体的に理解できる文体へ書き換えてください。**

- 改訂後の説明は、元の意味や関連性を維持しつつ、各特徴や利点について「どのような用途・場面・利用者にとって価値があるか」を、**元の説明に明示された内容、またはそこから常識的・論理的に想定できる範囲で**具体的に補足してください（明らかな推測や誇張は不可）。
- それぞれの特徴や利点が「なぜ価値があるのか」「どのような状況で役立つのか」を、元説明の根拠や一般的な利用文脈から分かりやすく説明してください。
- 断定的・誇張的・主観的な表現（例：「最良」「必ず満足」「後悔しません」など）は避けてください。
- 専門用語や技術的な表現が含まれる場合は、**読者の理解を助けるために、必要に応じて平易な補足説明を加えてください**。
- 利用者が他商品と比較・検討しやすくなるよう、**選択理由や用途、利用シーン、具体的なベネフィット**を明確にしてください（内容は元説明やそこから常識的に導ける範囲に限定）。
- 文章構成、行間、箇条書きなどは元のまま維持してください。
- 各行または2〜3文ごとに、**事実の正確性・関連性・商品の価値訴求を重視しつつ、説得力ある表現に言い換えてください**。

商品説明：{description}",0.6
clickable,8,7,2,4,clickable__e2_b4,"次の商品説明を、事実に基づき、簡潔かつ具体的で自然な日本語に書き換えてください。  
必ず以下の点に従ってください：  
- 商品の【主な特徴】【利点】【用途・利用シーン】を、それぞれ明確に分けて記述してください。必要に応じて箇条書きも使用してください。  
- ユーザーが実際に検索で使う関連語句や代表的な使い方を、説明内に自然かつ目立つ形で含めてください。  
- 他の商品と比較した際に選ばれる理由や、商品固有の価値・強みを、事実に基づき短く明確に記載してください。  
- 誤解を招く誇張や曖昧な表現、過度な宣伝語、冗長な説明は避け、必要な情報のみを過不足なくまとめてください。  
- 全体として読みやすく、情報が一目で分かる説明になるようにしてください。  

商品説明：{description}",-0.95
competitive,8,7,2,4,competitive__e2_b4,"次の商品説明を、以下の指針に従って事実に基づき、簡潔かつ具体的に書き換えてください。

1. この商品の最も重要な特徴や利点、独自性を、1文で端的かつ明確に述べてください。
2. カテゴリで一般的な機能には一言だけ触れたうえで、本商品の独自価値や強みを、具体的な用途やユーザー像と結びつけて説明してください。
3. この商品が特に役立つ代表的な用途や主なユーザー像を、1～2例まで具体的に挙げてください（例：「テレワーク中の作業効率向上に最適」「受験勉強をサポートする学生にもおすすめ」など）。
4. 抽象的な表現（例：「幅広いニーズ」「多用途」「さまざまな場面で活躍」など）は使わず、用途・ユーザー像・利点はすべて具体的に記述してください。
5. 誇張や根拠のない表現、競合商品との比較、冗長な説明や過度なキーワード羅列は避け、読みやすく自然な文章で事実に基づく説明にしてください。

商品説明：{description}",-1.8
diverse,8,7,2,4,diverse__e2_b4,"次の商品説明を、事実の正確性を維持しつつ、各項目ごとに「簡潔な説明文」と「主要キーワード・属性・用途・スペック・同義語などの明示的なリスト」を組み合わせて、体系的かつ網羅的に書き換えてください。

1) 以下の5項目を【見出し】で分けてください：  
 「主要な特徴」「利点」「用途」「主なスペック」「ターゲット層」
2) 各項目について、最初に1～2文で簡潔な説明を記載し、その直後に「キーワード」「用途」「属性」「スペック」「同義語」などをラベル分けした明示的なリストで整理してください。  
 必ず「最も重要な語句・属性・用途・スペック」をリストの先頭に入れてください。
3) リストは各項目につき3～6項目程度を目安とし、冗長な語句は避けてください。  
 キーワードやスペックは、「説明文の中に自然に含める」だけでなく、「リストで明示的に列挙」してください。
4) どの利用者にも魅力が伝わるよう、語彙や表現にバリエーションを持たせてください。ただし、過度な抽象化や冗長な表現、事実を超えた内容は絶対に含めないでください。

商品説明：{description}",-0.65
faq,8,7,2,4,faq__e2_b4,"次の商品説明を、購入を検討する顧客にとって分かりやすく、かつ複数のランキングエンジンで高く評価されるように書き換えてください。

1. 主文に、商品の主要な特徴・用途・利点、そして顧客が持ちやすい疑問や不安への回答を、自然な流れと一貫性を持って簡潔かつ明確にまとめてください。主文のみで十分な情報が伝わることを重視してください。
2. 主文内で説明しきれない重要な情報や、特に強調したいポイントがある場合のみ、最後に最大2項目まで簡潔な補足（箇条書きまたはQ&A形式）を追加してください。補足が不要な場合は主文のみで完結してください。
3. 元の説明文の重要な内容は必ず残し、冗長や重複を排除し、事実に基づいた正確かつ顧客にとって魅力的な表現にしてください。
4. 出力は「主文（説明文）→ 必要に応じた簡潔な補足（箇条書きまたはQ&A）」の順で構成してください。

商品説明：{description}",0.2
fluent,8,7,2,4,fluent__e2_b4,"次の商品説明を、内容の正確性と信頼性を厳守しつつ、より流暢で分かりやすく、かつ魅力的な表現に書き換えてください。  
必ず以下の指示を守ってください：  
・元の説明に含まれるすべての主要な情報・キーワード・用語・固有名詞を、説明文全体および各セクション（特徴・利点・用途・推奨ターゲット層）で、自然な文脈かつ十分な頻度で網羅的に使用してください。各セクションごとに、検索クエリとの関連性が高い重要語句や特徴語句が必ず含まれるようにしてください。  
・商品の「特徴」「利点」「用途」「推奨されるターゲット層」を、それぞれ明確な小見出しで分け、各項目ごとに具体的でわかりやすい内容を箇条書きで整理してください。必ず具体的な数値、事例、使用シーン、適切な根拠などを積極的に盛り込んでください。  
・説明全体の構造は論理的かつ簡潔で、段落や箇条書きを活用し、情報が明確に区分されるようにしてください。  
・冗長な表現や事実に反する内容、過度な誇張、不自然なキーワードの繰り返しやスパム的な挿入は避けてください。  
・説明文が自然で読みやすい流れを保ちつつ、主要な特徴や利点、用途、ターゲットが明確に強調されているかを各セクションごとに必ず確認してください。  
・すべてのセクションで、検索クエリに関連する重要な語句が自然で適切な頻度で含まれているかも最終チェックしてください。  

商品説明：{description}",0.4
format,8,7,2,4,format__e2_b4,"以下の指示に従い、{description} の商品説明を書き換えてください。  
このリライトの目的は、複数の異なるランキングエンジンで同時に高く評価されることです。論理的な分かりやすさと、人間らしいストーリー性・独自性・魅力を両立させてください。  
各エンジン固有の特徴を満たすため、情報の整理と自然な流れ・共感・独自性をバランス良く組み合わせてください。

1. まず、商品の特徴や価値、魅力が一目で伝わる短いリード文を書き、利用シーンや具体的な体験がイメージできる一文を添えてください。
2. 主なベネフィット、用途、USP（他商品との違い）は、ストーリーや問いかけ、体験談、共感できるエピソードなどを交え、自然な流れで紹介してください。情報が明確に伝わる場合のみ、必要に応じて見出しやリストも活用してください（必須ではありません）。
3. 権威性・事実性・新しさを示す情報（例：受賞歴・専門家の評価・最新技術）は、単なる羅列ではなく、商品の信頼感や体験価値の一部として違和感なく文章に組み込んでください。
4. 利用者がどんな課題を解決できるか、どんな人に特におすすめかについては、実際の悩みや利用シーン・共感できるストーリーや問いかけを交えて説明し、必要に応じて簡潔なリストや箇条書きで整理してください。
5. 全体を、読みやすく魅力的なMarkdown形式でまとめてください。テンプレート的・機械的な構造や表現は避け、文章の自然な流れや独自性・人間らしさを大切にしてください。

商品説明：{description}",-0.55
language,8,7,2,4,language__e2_b4,"次の商品説明を、事実に基づいて明確かつ簡潔に書き換えてください。  
説明の冒頭で商品カテゴリと主な特徴を端的に示し、続けて機能・用途・メリット・ターゲット・活用シーンを論理的かつ自然な流れで記述してください。  
主要なキーワード（商品カテゴリ名、機能名、用途名、メリットなど）は、それぞれ説明中で2回程度自然に含めてください（ただし、機械的な繰り返しや不自然な挿入は避けてください）。  
全体を通して、商品の価値や利便性が「特徴」「用途」「メリット」から明確に伝わり、ユーザーのニーズや課題解決にどうつながるかを端的に示してください。  
冗長な表現や装飾的・抽象的な表現、他言語フレーズは使わず、実用性・信頼性・魅力が伝わるようにしてください。  
情報の正確性・一貫性・簡潔性を最優先し、必要な情報のみを含めてください。  
商品説明：{description}",-0.25
minimalist,8,7,2,4,minimalist__e2_b4,"次の商品説明を、事実に基づき、以下の流れに沿ってわかりやすくリライトしてください。

1. 最初に、この商品の概要と主な価値を1〜2文で簡潔にまとめてください。
2. 続いて、「主な特徴・仕様」について、それぞれを見出しとして明示し、各特徴ごとに「どのような用途やシーンで役立つか」「どのようなユーザーに最適か」「どのようなメリットや価値をもたらすか」を、具体的な使用例や状況、ストーリーを交えながら短く説明してください。必要に応じて、他商品との違いや独自ポイントも盛り込んでください。
3. 各説明や全体の流れの中で、ユーザーが検索しそうな関連キーワードや語句を不自然にならないように散りばめてください。
4. 最後に、この商品が特におすすめできるユーザーや利用シーンについて、簡潔かつ説得力のあるまとめを書いてください。

全体として、情報量が豊富で、一貫性と流れのある説明文にしてください。誇張や不正確な表現は避け、事実に基づく内容としてください。

商品説明：{description}",0.55
quality,8,7,2,4,quality__e2_b4,"商品の説明を、複数の異なるランキングエンジンで同時に高く順位付けされるよう最適化してリライトしてください。  
以下のガイドラインに厳密に従い、すべての主要キーワード・事実・情報を保持しながら、明確・簡潔・構造化された説明を作成してください。  

1. 元の説明に含まれる全ての主要なキーワード・事実・情報を必ず保持してください。抜けや要素の置き換えは避けてください。  
2. 商品のスペック・特徴（サイズ、重量、素材、成分、機能、性能指標など）は「特徴」セクションで、属性名（例：「サイズ：」「重量：」「機能：」）とともに、できる限り定量的・具体的に箇条書きしてください。  
3. 主な用途や推奨利用シーンは「用途例」セクションで、ユーザーが実際に検索・検討しそうな目的型・状況型・問題解決型など多様なクエリフレーズ（例：「○○で困っている方」「△△を効率化したい場合」「□□の作業用」「■■のために最適」等）を7～10件、重複を避けて箇条書きしてください。  
4. この商品が解決できる課題や、対応可能なユーザークエリを「クエリ対応例」セクションで、実際の検索意図や疑問文・目的型表現などで7～10件、具体的・実用的に記載してください。  
5. 顧客が得られる具体的なメリットや成果は「メリット」セクションで、できる限り定量的・比較的な根拠（例：「従来品比30%軽量化」「○分で作業完了」「年間△△円コスト削減」など）を盛り込んで3～5件、簡潔に箇条書きしてください。  
6. 他の商品や類似製品との明確な違いや優位点があれば「他製品との違い」セクションで、具体的な比較・差別化ポイントを一文で簡潔に記載してください。  
7. 構造化（セクション分け・箇条書き）は維持しつつ、各項目が実用的・自然・独立して価値を持つよう配慮してください。冗長表現や重複を避け、各フレーズの質を高めてください。  
8. 最後に必ず、元の説明内容・主要キーワード・事実が全て保持されているかを再確認してください。  

【リライト例のテンプレート（実際の出力もこの構造で）】  
---  
【特徴】  
-  
-  
【用途例】  
-  
-  
-  
-  
-  
-  
-  
-  
-  
-  
【クエリ対応例】  
-  
-  
-  
-  
-  
-  
-  
-  
-  
-  
【メリット】  
-  
-  
-  
-  
【他製品との違い】  
-  
---  

商品説明：{description}",-1.15
storytelling,8,7,2,4,storytelling__e2_b4,"以下の{description}の商品説明をもとに、商品の「主な特徴」「用途」「利点」を事実に基づいて分かりやすく盛り込み、読者にとって自然で一体感のある魅力的な説明文に書き換えてください。  
説明文の冒頭で商品の特徴を簡潔にまとめ、その後は、用途や利用シーン、ターゲット層を自然な流れの中で紹介し、利用者の視点から「なぜこの商品が役立つのか」を明確に伝えてください。  
利点やベネフィットは、自然な文脈で具体的に記述してください。  
関連するキーワードや関連語は、説明文の流れの中で違和感なく組み込んでください。  
説明全体が読みやすく一貫性があり、情報の重複や冗長がないようにしてください。  
誇張や事実と異なる内容は加えず、事実情報に基づいた説得力のある説明に仕上げてください。  
商品説明：{description}",0.0
technical,8,7,2,4,technical__e2_b4,"以下の指示に従い、商品説明を書き換えてください。  
このリライトの目的は、可読性重視・専門性重視など異なる評価基準を持つ複数のランキングエンジンにおいて、いずれでも高く順位付けされるパレート最適な説明文へ最適化することです。

1. {description} に含まれる主な情報・事実・仕様は、内容の正確性を損なわず、変更・追加・削除せず必ず維持してください。
2. 冒頭1文で、商品の特徴・用途・利点・ターゲット層・主要仕様を簡潔かつ明確にまとめて提示してください。このとき、利用者が実際に検索しそうなクエリや主要な関連キーワードも自然に含めてください。
3. 既存の技術用語や仕様は、より専門的で具体的かつ明瞭な表現へ“質的に変換”してください。難解な新規専門用語や冗長な再説明の追加は禁止し、元情報を端的かつ正確に伝えてください。
4. 関連する検索キーワードやクエリ語は、説明全体にわたり過不足なく自然な形で分散させ、不自然な詰め込みや繰り返しを避けてください。
5. 意味が重複する表現や曖昧な語句、冗長な装飾語を排除し、各文が論理的につながるよう構成してください。
6. 読みやすさ、専門性、正確性、魅力、検索関連性のすべてを最大化できるよう、一般利用者にも専門家にも伝わる表現を心がけてください。事実を誇張せず、商品本来の魅力が自然に伝わるようにしてください。
7. 書き換え後の説明の語数・文字数は、元の説明と厳密に同じにしてください。

商品説明：{description}",-0.7
trick,8,7,2,4,trick__e2_b4,"以下の商品説明を、複数の異なるランキングエンジンで高く順位付けされるように書き換えてください。  
1. 冒頭で、「この商品がどのようなユーザーに、どのような価値や利点をもたらし、どんな場面や課題で役立つか」を、一文で簡潔かつ具体的にまとめてください。  
2. 続いて、「用途」「特徴」「解決できる課題」の各セクションを小見出しで分け、それぞれ2つ以上の具体的な例やポイントを箇条書きで示し、必要に応じて簡単な補足を加えてください（異なるユーザーや状況を含めてください）。  
3. 「どのようなユーザーが、どのような状況やニーズでこの商品から恩恵を受けるか」について、異なるユーザータイプや利用シーンの具体例を2つ以上、1文ずつ簡潔に記述してください（例：ビジネス利用・家庭利用など）。  
4. 商品の詳細情報（仕様・スペック・注意点など）は、独立したセクションとしてリスト形式で分かりやすくまとめてください。  
5. 全体として、事実に基づき、誇張や不自然なキーワード挿入を避け、情報の具体性と簡潔さのバランスを保ち、論理的かつ直感的にユーザー価値が伝わる説明にしてください。  
商品説明：{description}",-0.9
unique,8,7,2,4,unique__e2_b4,"次の商品説明を、中心となる情報や事実を変更せず、魅力的かつ分かりやすい内容に書き換えてください。  
以下の点を必ず守ってください。  
・商品に関連する主要なキーワードと、検索されやすい同義語や類語を、自然な文脈や箇条書きの中で要点として盛り込んでください（例：「軽量（コンパクト／小型）」「持ち運びやすい」など）。  
・商品の特長、仕様、用途、独自の価値（USP）、想定される利用シーンや対象ユーザーを、具体的かつ簡潔な短文または箇条書きで明示してください。  
・キーワードや同義語の無意味な羅列や過度な言い換えは避け、必要な範囲でのみ併記してください。  
・過度な装飾語や希少な単語は使わず、標準的で自然な日本語を用いてください。  
・説明全体の一貫性と事実の正確性を維持し、誰でも理解できる内容に仕上げてください。  
商品説明：{description}",0.65
